id,clstr,clstr_size,length,clstr_rep,clstr_iden,clstr_cov
NP_612698,0,3,1357,NP_612698,100,100%
AAM00704,0,3,1357,0,100.00%,100%
ADY62511,0,3,1074,0,98.98%,79%
AMB66138,1,4,1324,AMB66138,100,100%
AMB66065,1,4,1078,0,93.60%,81%
AMB66427,1,4,885,0,98.42%,66%
SBO07665,1,4,880,0,91.36%,66%
APO15885,2,15,1256,APO15885,100,100%
ART33253,2,15,1251,0,96.24%,99%
YP_003662494,2,15,1250,0,95.92%,99%
AAR86131,2,15,1250,0,95.92%,99%
ALR87795,2,15,1247,0,92.06%,99%
AIQ80750,2,15,1247,0,91.90%,99%
AIQ80680,2,15,1247,0,91.90%,99%
AIQ80610,2,15,1247,0,91.74%,99%
AFV53388,2,15,1247,0,92.06%,99%
APW77353,2,15,1246,0,91.57%,99%
NP_045328,2,15,1246,0,91.25%,99%
AIQ80820,2,15,1246,0,91.89%,99%
CAA06103,2,15,1246,0,91.25%,99%
CAB01595,2,15,1246,0,91.25%,99%
CAA64335,2,15,1246,0,91.25%,99%
YP_009361907,3,2,1255,YP_009361907,100,100%
AQS79185,3,2,1255,0,100.00%,100%
YP_009352938,4,7,1250,YP_009352938,100,100%
ARD71355,4,7,1250,0,100.00%,100%
AJT58581,4,7,1250,0,100.00%,100%
YP_009046528,4,7,1250,0,99.84%,100%
AID52734,4,7,1250,0,99.84%,100%
AAD30145,4,7,596,0,99.83%,47%
AGT28256,4,7,467,0,100.00%,37%
AIA09524,5,31,1249,AIA09524,100,100%
ARS02925,5,31,1247,0,96.31%,99%
ARS02850,5,31,1247,0,96.39%,99%
ARS02775,5,31,1247,0,96.63%,99%
ARS02700,5,31,1247,0,96.39%,99%
ARS02625,5,31,1247,0,96.39%,99%
ARS02550,5,31,1247,0,96.39%,99%
ARS02475,5,31,1247,0,96.39%,99%
ARS02416,5,31,1247,0,96.39%,99%
ARS02342,5,31,1247,0,96.39%,99%
ARS02267,5,31,1247,0,96.39%,99%
ARS02192,5,31,1247,0,96.39%,99%
ARS02117,5,31,1247,0,96.39%,99%
ARS02042,5,31,1247,0,96.39%,99%
ARS01967,5,31,1247,0,96.39%,99%
ARS01892,5,31,1247,0,96.39%,99%
NP_851890,5,31,1247,0,96.39%,99%
AAP41448,5,31,1247,0,96.39%,99%
BAC58070,5,31,1247,0,96.39%,99%
AHM96371,5,31,1242,0,90.90%,99%
AHM96298,5,31,1242,0,90.90%,99%
YP_443877,5,31,1242,0,91.38%,99%
ABA29284,5,31,1242,0,91.38%,99%
ARS01817,5,31,1241,0,94.28%,99%
ARS01742,5,31,1241,0,94.12%,99%
AHM96225,5,31,1241,0,91.54%,99%
AHM96152,5,31,1240,0,91.61%,99%
AHM96079,5,31,1240,0,91.29%,99%
AHM96006,5,31,1240,0,91.53%,99%
ARS01668,5,31,1233,0,94.00%,98%
AAT67222,5,31,1204,0,97.01%,96%
ATD86766,6,483,1244,ATD86766,100,100%
ATD86689,6,483,1244,0,99.84%,100%
ADM52140,6,483,1244,0,99.60%,100%
ADM52126,6,483,1244,0,99.84%,100%
API61853,6,483,1241,0,95.89%,99%
P89453,6,483,1240,0,99.68%,99%
P07918,6,483,1240,0,99.52%,99%
ATD86612,6,483,1240,0,99.76%,99%
ATD86534,6,483,1240,0,99.84%,99%
ATD86457,6,483,1240,0,99.68%,99%
ATD86380,6,483,1240,0,99.68%,99%
ATD86303,6,483,1240,0,99.84%,99%
ATB17573,6,483,1240,0,99.68%,99%
ATB17497,6,483,1240,0,99.60%,99%
ATB17421,6,483,1240,0,99.76%,99%
ATB17345,6,483,1240,0,99.84%,99%
AQZ58987,6,483,1240,0,99.19%,99%
AQZ58916,6,483,1240,0,99.76%,99%
AQZ58774,6,483,1240,0,99.84%,99%
AQZ58632,6,483,1240,0,99.92%,99%
AQZ57993,6,483,1240,0,99.92%,99%
AQZ57709,6,483,1240,0,99.76%,99%
AQZ57496,6,483,1240,0,99.84%,99%
AQZ56431,6,483,1240,0,99.92%,99%
AQZ59129,6,483,1240,0,99.68%,99%
AQZ59058,6,483,1240,0,99.76%,99%
AQZ58845,6,483,1240,0,99.76%,99%
AQZ58703,6,483,1240,0,99.76%,99%
AQZ58490,6,483,1240,0,99.68%,99%
AQZ58419,6,483,1240,0,99.68%,99%
AQZ58348,6,483,1240,0,99.84%,99%
AQZ58277,6,483,1240,0,99.92%,99%
AQZ58206,6,483,1240,0,99.84%,99%
AQZ58135,6,483,1240,0,99.68%,99%
AQZ58064,6,483,1240,0,99.92%,99%
AQZ57922,6,483,1240,0,99.92%,99%
AQZ57851,6,483,1240,0,99.92%,99%
AQZ57780,6,483,1240,0,99.92%,99%
AQZ57638,6,483,1240,0,99.68%,99%
AQZ57567,6,483,1240,0,99.76%,99%
AQZ57425,6,483,1240,0,99.68%,99%
AQZ57354,6,483,1240,0,99.68%,99%
AQZ57283,6,483,1240,0,99.68%,99%
AQZ57212,6,483,1240,0,99.76%,99%
AQZ57141,6,483,1240,0,99.68%,99%
AQZ57070,6,483,1240,0,99.76%,99%
AQZ56999,6,483,1240,0,99.84%,99%
AQZ56928,6,483,1240,0,99.84%,99%
AQZ56857,6,483,1240,0,99.92%,99%
AQZ56786,6,483,1240,0,99.68%,99%
AQZ56715,6,483,1240,0,99.92%,99%
AQZ56644,6,483,1240,0,99.84%,99%
AQZ56573,6,483,1240,0,99.76%,99%
AQZ56502,6,483,1240,0,99.76%,99%
AQZ56360,6,483,1240,0,99.76%,99%
AQZ56289,6,483,1240,0,99.76%,99%
AQZ56218,6,483,1240,0,99.76%,99%
AQZ56147,6,483,1240,0,99.76%,99%
AQZ56076,6,483,1240,0,99.92%,99%
AQZ56005,6,483,1240,0,99.68%,99%
AQZ55934,6,483,1240,0,99.68%,99%
AQZ55863,6,483,1240,0,99.68%,99%
AQZ55792,6,483,1240,0,99.92%,99%
AQZ55721,6,483,1240,0,99.84%,99%
API61849,6,483,1240,0,99.92%,99%
AOW71602,6,483,1240,0,99.68%,99%
AMB66354,6,483,1240,0,98.39%,99%
AMB65994,6,483,1240,0,95.00%,99%
YP_009137182,6,483,1240,0,99.68%,99%
AEV91369,6,483,1240,0,99.68%,99%
AAK72381,6,483,1240,0,99.92%,99%
AAK72380,6,483,1240,0,99.84%,99%
AIL27707,6,483,1240,0,99.76%,99%
AIL27706,6,483,1240,0,99.76%,99%
AIL27705,6,483,1240,0,99.68%,99%
AIL27703,6,483,1240,0,99.92%,99%
AIL27702,6,483,1240,0,99.68%,99%
AIL27701,6,483,1240,0,99.84%,99%
AIL27700,6,483,1240,0,99.76%,99%
AKC59556,6,483,1240,0,99.92%,99%
AKC59485,6,483,1240,0,99.92%,99%
AKC59414,6,483,1240,0,99.92%,99%
AKC59343,6,483,1240,0,99.92%,99%
AKC59271,6,483,1240,0,99.92%,99%
AKC42794,6,483,1240,0,99.92%,99%
AHG54694,6,483,1240,0,99.84%,99%
YP_009011017,6,483,1240,0,94.92%,99%
AFV26919,6,483,1240,0,94.92%,99%
AGI44412,6,483,1240,0,99.27%,99%
AFM93852,6,483,1240,0,99.76%,99%
AFI98983,6,483,1240,0,99.84%,99%
AFI98982,6,483,1240,0,99.68%,99%
AFI98981,6,483,1240,0,99.84%,99%
AFI98980,6,483,1240,0,99.68%,99%
AFI98979,6,483,1240,0,99.68%,99%
AFI98978,6,483,1240,0,99.76%,99%
AFI98977,6,483,1240,0,99.84%,99%
AFI98976,6,483,1240,0,99.68%,99%
AFI98975,6,483,1240,0,99.76%,99%
AFI98974,6,483,1240,0,99.76%,99%
AFI98973,6,483,1240,0,99.84%,99%
AFI98972,6,483,1240,0,99.84%,99%
AFI98971,6,483,1240,0,99.84%,99%
AFI98970,6,483,1240,0,99.84%,99%
AFI98969,6,483,1240,0,99.92%,99%
ADM52180,6,483,1240,0,99.52%,99%
ADM52179,6,483,1240,0,99.76%,99%
ADM52178,6,483,1240,0,99.84%,99%
ADM52177,6,483,1240,0,99.76%,99%
ADM52176,6,483,1240,0,99.76%,99%
ADM52175,6,483,1240,0,99.76%,99%
ADM52172,6,483,1240,0,99.84%,99%
ADM52171,6,483,1240,0,99.92%,99%
ADM52170,6,483,1240,0,99.60%,99%
ADM52169,6,483,1240,0,99.68%,99%
ADM52168,6,483,1240,0,99.92%,99%
ADM52167,6,483,1240,0,99.92%,99%
ADM52147,6,483,1240,0,99.84%,99%
ADM52146,6,483,1240,0,99.84%,99%
ADM52144,6,483,1240,0,99.52%,99%
ADM52142,6,483,1240,0,99.60%,99%
ADM52141,6,483,1240,0,99.84%,99%
ADM52139,6,483,1240,0,99.76%,99%
ADM52138,6,483,1240,0,99.84%,99%
ADM52136,6,483,1240,0,99.68%,99%
ADM52135,6,483,1240,0,99.84%,99%
ADM52134,6,483,1240,0,99.84%,99%
ADM52133,6,483,1240,0,99.84%,99%
ADM52132,6,483,1240,0,99.68%,99%
ADM52131,6,483,1240,0,99.84%,99%
ADM52130,6,483,1240,0,99.76%,99%
ADM52129,6,483,1240,0,99.84%,99%
ADM52128,6,483,1240,0,99.84%,99%
ADM52124,6,483,1240,0,99.84%,99%
ADM52123,6,483,1240,0,99.60%,99%
AAA45853,6,483,1240,0,99.52%,99%
CAB06755,6,483,1240,0,99.68%,99%
1307185A,6,483,1240,0,99.52%,99%
AOV80802,6,483,1239,0,97.42%,99%
API61867,6,483,1239,0,97.42%,99%
AQX17821,6,483,1239,0,97.18%,99%
AQX17819,6,483,1239,0,97.26%,99%
AQX17818,6,483,1239,0,97.18%,99%
AIL27698,6,483,1239,0,97.34%,99%
AIL27696,6,483,1239,0,97.34%,99%
AIL27694,6,483,1239,0,97.34%,99%
AIL27693,6,483,1239,0,97.26%,99%
AIL27692,6,483,1239,0,97.26%,99%
AIL28080,6,483,1239,0,97.34%,99%
AGI44414,6,483,1239,0,97.26%,99%
AGI44413,6,483,1239,0,97.26%,99%
AGI44411,6,483,1239,0,97.18%,99%
ADM52173,6,483,1238,0,99.92%,99%
ADM52137,6,483,1238,0,99.68%,99%
ADM52145,6,483,1237,0,99.43%,99%
AQX17820,6,483,1236,0,97.98%,99%
AIL27704,6,483,1236,0,99.60%,99%
AIL27697,6,483,1236,0,97.98%,99%
ADM52174,6,483,1236,0,100.00%,99%
ADM52127,6,483,1236,0,99.92%,99%
ADM52125,6,483,1236,0,99.84%,99%
P09854,6,483,1235,0,91.17%,99%
P04292,6,483,1235,0,91.42%,99%
P07917,6,483,1235,0,91.09%,99%
P04293,6,483,1235,0,91.17%,99%
ATD84793,6,483,1235,0,91.26%,99%
ATD84716,6,483,1235,0,91.26%,99%
ASM47857,6,483,1235,0,91.50%,99%
ARB08921,6,483,1235,0,91.26%,99%
AJE60404,6,483,1235,0,91.17%,99%
AJE60331,6,483,1235,0,91.26%,99%
AJE60261,6,483,1235,0,91.26%,99%
AJE60188,6,483,1235,0,91.26%,99%
AJE60117,6,483,1235,0,91.50%,99%
AJE60046,6,483,1235,0,91.50%,99%
AJE59975,6,483,1235,0,91.50%,99%
BAM73380,6,483,1235,0,91.09%,99%
ACM62253,6,483,1235,0,91.26%,99%
AOY36649,6,483,1235,0,91.26%,99%
AOY34298,6,483,1235,0,91.34%,99%
SBT69360,6,483,1235,0,91.26%,99%
SBS69776,6,483,1235,0,91.34%,99%
SBS69365,6,483,1235,0,91.17%,99%
SBS69507,6,483,1235,0,91.09%,99%
SBS69521,6,483,1235,0,91.17%,99%
SBS69481,6,483,1235,0,91.34%,99%
SBS69446,6,483,1235,0,91.26%,99%
SBS69323,6,483,1235,0,91.42%,99%
SBS69251,6,483,1235,0,91.34%,99%
SBS69252,6,483,1235,0,91.34%,99%
AMB65922,6,483,1235,0,90.85%,99%
BAV53945,6,483,1235,0,91.34%,99%
BAV53944,6,483,1235,0,91.34%,99%
BAV53943,6,483,1235,0,91.34%,99%
BAV53942,6,483,1235,0,91.34%,99%
BAV53941,6,483,1235,0,91.34%,99%
BAV53940,6,483,1235,0,91.34%,99%
BAV53939,6,483,1235,0,91.34%,99%
BAV53938,6,483,1235,0,91.34%,99%
SCL76875,6,483,1235,0,91.17%,99%
BAV25237,6,483,1235,0,91.42%,99%
BAV25236,6,483,1235,0,91.42%,99%
BAV25235,6,483,1235,0,91.42%,99%
BAV25234,6,483,1235,0,91.50%,99%
BAV25233,6,483,1235,0,91.50%,99%
BAV25232,6,483,1235,0,91.50%,99%
BAV25231,6,483,1235,0,91.50%,99%
BAV25230,6,483,1235,0,91.17%,99%
BAV25229,6,483,1235,0,91.17%,99%
BAV25228,6,483,1235,0,91.17%,99%
BAV25227,6,483,1235,0,91.17%,99%
BAV25226,6,483,1235,0,91.17%,99%
BAV25225,6,483,1235,0,91.26%,99%
BAV25224,6,483,1235,0,91.50%,99%
BAV25223,6,483,1235,0,91.50%,99%
BAV25222,6,483,1235,0,91.50%,99%
BAV25221,6,483,1235,0,91.26%,99%
BAV25220,6,483,1235,0,91.26%,99%
BAV25219,6,483,1235,0,91.26%,99%
BAV25218,6,483,1235,0,91.26%,99%
BAV25217,6,483,1235,0,91.34%,99%
BAV25216,6,483,1235,0,91.42%,99%
BAV25215,6,483,1235,0,91.34%,99%
BAV25214,6,483,1235,0,91.42%,99%
ANN85765,6,483,1235,0,91.01%,99%
ANN85689,6,483,1235,0,91.34%,99%
ANN85612,6,483,1235,0,91.01%,99%
ANN85535,6,483,1235,0,91.34%,99%
ANN85458,6,483,1235,0,91.01%,99%
ANN85382,6,483,1235,0,91.34%,99%
ANN85305,6,483,1235,0,91.34%,99%
ANN85228,6,483,1235,0,91.01%,99%
ANN85153,6,483,1235,0,91.01%,99%
ANN85077,6,483,1235,0,91.01%,99%
ANN85000,6,483,1235,0,91.34%,99%
ANN84924,6,483,1235,0,91.01%,99%
ANN84847,6,483,1235,0,91.01%,99%
ANN84771,6,483,1235,0,91.34%,99%
ANN84694,6,483,1235,0,91.01%,99%
ANN84618,6,483,1235,0,91.26%,99%
ANN84541,6,483,1235,0,91.34%,99%
ANN84464,6,483,1235,0,91.01%,99%
ANN84389,6,483,1235,0,91.01%,99%
ANN84312,6,483,1235,0,91.26%,99%
ANN84235,6,483,1235,0,91.34%,99%
ANN84158,6,483,1235,0,91.34%,99%
ANN84081,6,483,1235,0,91.34%,99%
ANN84005,6,483,1235,0,91.34%,99%
ANN83928,6,483,1235,0,91.34%,99%
SBO07726,6,483,1235,0,91.17%,99%
SBO07822,6,483,1235,0,91.17%,99%
SBO07727,6,483,1235,0,91.17%,99%
YP_009137105,6,483,1235,0,91.26%,99%
AEQ77061,6,483,1235,0,91.26%,99%
AMN09799,6,483,1235,0,91.01%,99%
AER38038,6,483,1235,0,91.34%,99%
ALO18703,6,483,1235,0,91.50%,99%
ALO18627,6,483,1235,0,91.50%,99%
ALM22821,6,483,1235,0,91.50%,99%
ALM22747,6,483,1235,0,91.50%,99%
ALM22673,6,483,1235,0,91.17%,99%
ALM22599,6,483,1235,0,91.34%,99%
AKH80503,6,483,1235,0,91.34%,99%
AKH80430,6,483,1235,0,91.01%,99%
AKG61960,6,483,1235,0,91.01%,99%
AKG61888,6,483,1235,0,91.09%,99%
AKG61814,6,483,1235,0,91.01%,99%
AKG61742,6,483,1235,0,91.34%,99%
AKG61670,6,483,1235,0,91.01%,99%
AKG61597,6,483,1235,0,91.01%,99%
AKG61523,6,483,1235,0,91.34%,99%
AKG61450,6,483,1235,0,91.01%,99%
AKG61378,6,483,1235,0,91.01%,99%
AKG61307,6,483,1235,0,91.01%,99%
AKG61234,6,483,1235,0,91.01%,99%
AKG61161,6,483,1235,0,91.01%,99%
AKG61090,6,483,1235,0,91.34%,99%
AKG61018,6,483,1235,0,91.34%,99%
AKG60945,6,483,1235,0,91.34%,99%
AKG60873,6,483,1235,0,91.01%,99%
AKG60803,6,483,1235,0,91.01%,99%
AKG60731,6,483,1235,0,91.01%,99%
AKG60660,6,483,1235,0,91.01%,99%
AKG60587,6,483,1235,0,91.34%,99%
AKG60514,6,483,1235,0,91.01%,99%
AKG60442,6,483,1235,0,91.01%,99%
AKG60372,6,483,1235,0,90.69%,99%
AKG60302,6,483,1235,0,91.34%,99%
AKG60229,6,483,1235,0,90.85%,99%
AKG60156,6,483,1235,0,90.77%,99%
AKG60085,6,483,1235,0,91.34%,99%
AKG60013,6,483,1235,0,91.01%,99%
AKG59939,6,483,1235,0,91.01%,99%
AKG59865,6,483,1235,0,91.01%,99%
AKG59793,6,483,1235,0,91.34%,99%
AKG59722,6,483,1235,0,91.01%,99%
AKG59649,6,483,1235,0,91.01%,99%
AKG59577,6,483,1235,0,91.01%,99%
AKG59502,6,483,1235,0,91.01%,99%
AKG59430,6,483,1235,0,91.34%,99%
AKG59358,6,483,1235,0,91.26%,99%
AKG59285,6,483,1235,0,91.34%,99%
AKG59213,6,483,1235,0,91.09%,99%
AKE48609,6,483,1235,0,91.42%,99%
AIR95826,6,483,1235,0,91.26%,99%
AGZ01892,6,483,1235,0,91.09%,99%
ADM23795,6,483,1235,0,91.50%,99%
ADM23719,6,483,1235,0,91.26%,99%
ADM23644,6,483,1235,0,91.50%,99%
ADM23569,6,483,1235,0,91.50%,99%
ADM23495,6,483,1235,0,91.26%,99%
ADM23421,6,483,1235,0,91.42%,99%
ADM23347,6,483,1235,0,91.26%,99%
ADM23273,6,483,1235,0,91.26%,99%
ADM23196,6,483,1235,0,91.42%,99%
ADM23119,6,483,1235,0,91.42%,99%
ADM23043,6,483,1235,0,91.42%,99%
ADM22967,6,483,1235,0,91.42%,99%
ADM22890,6,483,1235,0,91.42%,99%
ADM22813,6,483,1235,0,91.26%,99%
ADM22737,6,483,1235,0,91.34%,99%
ADM22660,6,483,1235,0,91.42%,99%
ADM22583,6,483,1235,0,91.42%,99%
ADM22506,6,483,1235,0,91.26%,99%
ADM22430,6,483,1235,0,91.34%,99%
ADM22353,6,483,1235,0,91.42%,99%
AFK50376,6,483,1235,0,91.34%,99%
AFP86394,6,483,1235,0,91.42%,99%
ADD60110,6,483,1235,0,91.26%,99%
ADD60033,6,483,1235,0,91.26%,99%
BAM29052,6,483,1235,0,91.34%,99%
BAM29051,6,483,1235,0,91.17%,99%
BAM29050,6,483,1235,0,91.34%,99%
BAM29048,6,483,1235,0,91.42%,99%
BAM29047,6,483,1235,0,91.42%,99%
BAM29046,6,483,1235,0,91.42%,99%
AFE62858,6,483,1235,0,91.50%,99%
AFI98968,6,483,1235,0,91.17%,99%
AFI98967,6,483,1235,0,91.01%,99%
AFI98966,6,483,1235,0,91.34%,99%
AFI98965,6,483,1235,0,91.50%,99%
AFI98964,6,483,1235,0,91.26%,99%
AFI98963,6,483,1235,0,91.09%,99%
AFI98962,6,483,1235,0,91.34%,99%
AFI98961,6,483,1235,0,91.17%,99%
AFI98960,6,483,1235,0,91.26%,99%
AFI98959,6,483,1235,0,91.50%,99%
AFI98958,6,483,1235,0,91.26%,99%
AFI98957,6,483,1235,0,91.26%,99%
AFI98956,6,483,1235,0,91.42%,99%
AFI98955,6,483,1235,0,91.42%,99%
AFI98954,6,483,1235,0,91.17%,99%
AFI98953,6,483,1235,0,91.50%,99%
AFI98952,6,483,1235,0,91.50%,99%
AFI98951,6,483,1235,0,91.42%,99%
AFI98950,6,483,1235,0,91.34%,99%
AFI98949,6,483,1235,0,91.42%,99%
AFI98948,6,483,1235,0,91.09%,99%
AFI98947,6,483,1235,0,91.17%,99%
AFI98946,6,483,1235,0,91.50%,99%
AFI98945,6,483,1235,0,91.42%,99%
AFI98944,6,483,1235,0,91.42%,99%
AFI98943,6,483,1235,0,91.42%,99%
AFI98942,6,483,1235,0,91.17%,99%
AFI98941,6,483,1235,0,91.42%,99%
AFI98940,6,483,1235,0,91.42%,99%
AFI98939,6,483,1235,0,91.26%,99%
AFI98938,6,483,1235,0,91.34%,99%
AFI98937,6,483,1235,0,90.93%,99%
AFI98936,6,483,1235,0,90.93%,99%
AFI98935,6,483,1235,0,90.93%,99%
AFI98934,6,483,1235,0,91.42%,99%
AFI98933,6,483,1235,0,91.34%,99%
AFI98932,6,483,1235,0,91.26%,99%
AFI98931,6,483,1235,0,90.93%,99%
AFI98930,6,483,1235,0,91.34%,99%
AFI98929,6,483,1235,0,91.34%,99%
AFI98928,6,483,1235,0,90.93%,99%
AFI98927,6,483,1235,0,91.42%,99%
AFI98926,6,483,1235,0,91.42%,99%
AFI98925,6,483,1235,0,91.34%,99%
AFI98924,6,483,1235,0,91.50%,99%
AFI98923,6,483,1235,0,91.17%,99%
AFI98922,6,483,1235,0,91.26%,99%
AFI98921,6,483,1235,0,91.26%,99%
AFI98920,6,483,1235,0,91.42%,99%
AFI98919,6,483,1235,0,91.50%,99%
AFI98918,6,483,1235,0,91.34%,99%
AFI98917,6,483,1235,0,91.09%,99%
AFI98916,6,483,1235,0,91.50%,99%
AFI98915,6,483,1235,0,91.42%,99%
AFI98914,6,483,1235,0,91.34%,99%
AFI98913,6,483,1235,0,91.17%,99%
AFI98912,6,483,1235,0,91.42%,99%
AFI98911,6,483,1235,0,91.26%,99%
AFI98910,6,483,1235,0,91.17%,99%
AFI98909,6,483,1235,0,91.34%,99%
AFI98908,6,483,1235,0,91.17%,99%
AFI98907,6,483,1235,0,91.26%,99%
AFI98906,6,483,1235,0,91.34%,99%
AFI98905,6,483,1235,0,91.26%,99%
AFI98904,6,483,1235,0,91.50%,99%
AFI98903,6,483,1235,0,91.17%,99%
AFI98902,6,483,1235,0,91.26%,99%
AFI98901,6,483,1235,0,91.17%,99%
AFI98900,6,483,1235,0,91.26%,99%
AFI98899,6,483,1235,0,91.26%,99%
AFI98898,6,483,1235,0,91.17%,99%
AFI98897,6,483,1235,0,91.34%,99%
AFI98896,6,483,1235,0,91.42%,99%
AFI98895,6,483,1235,0,91.26%,99%
AFI98894,6,483,1235,0,91.17%,99%
AFI98893,6,483,1235,0,91.26%,99%
AFI98892,6,483,1235,0,91.01%,99%
AFI98891,6,483,1235,0,91.42%,99%
AFI98890,6,483,1235,0,91.42%,99%
AFI98889,6,483,1235,0,91.42%,99%
AFI98888,6,483,1235,0,91.50%,99%
AFI98887,6,483,1235,0,91.09%,99%
AFI98886,6,483,1235,0,91.34%,99%
AFI98885,6,483,1235,0,91.09%,99%
AFI98884,6,483,1235,0,91.42%,99%
AFI23621,6,483,1235,0,91.50%,99%
AER37968,6,483,1235,0,91.34%,99%
AER37896,6,483,1235,0,91.09%,99%
AER37824,6,483,1235,0,91.01%,99%
AER37754,6,483,1235,0,91.09%,99%
AER37684,6,483,1235,0,91.34%,99%
AER37614,6,483,1235,0,90.85%,99%
ABI63492,6,483,1235,0,91.09%,99%
ADM52182,6,483,1235,0,91.17%,99%
ADM52162,6,483,1235,0,91.17%,99%
ADM52161,6,483,1235,0,91.34%,99%
ADM52160,6,483,1235,0,91.34%,99%
ADM52159,6,483,1235,0,91.34%,99%
ADM52158,6,483,1235,0,91.26%,99%
ADM52157,6,483,1235,0,91.42%,99%
ADM52156,6,483,1235,0,91.09%,99%
ADM52155,6,483,1235,0,91.09%,99%
ADM52154,6,483,1235,0,91.42%,99%
ADM52153,6,483,1235,0,91.34%,99%
ADM52122,6,483,1235,0,91.34%,99%
ADM52121,6,483,1235,0,91.34%,99%
ADM52120,6,483,1235,0,91.01%,99%
ADM52119,6,483,1235,0,91.42%,99%
ADM52118,6,483,1235,0,91.58%,99%
ADM52117,6,483,1235,0,91.42%,99%
ADM52116,6,483,1235,0,91.42%,99%
ADM52115,6,483,1235,0,91.50%,99%
ADM52114,6,483,1235,0,91.26%,99%
ADM52113,6,483,1235,0,91.26%,99%
ADM52112,6,483,1235,0,91.26%,99%
ADM52111,6,483,1235,0,91.26%,99%
ADM52110,6,483,1235,0,91.34%,99%
ADM52109,6,483,1235,0,91.42%,99%
ADM52108,6,483,1235,0,91.34%,99%
ADM52107,6,483,1235,0,91.42%,99%
ADM52106,6,483,1235,0,91.26%,99%
AAA66438,6,483,1235,0,91.42%,99%
BAE19749,6,483,1235,0,91.42%,99%
BAE19748,6,483,1235,0,91.50%,99%
BAE19747,6,483,1235,0,91.42%,99%
BAE19746,6,483,1235,0,91.42%,99%
BAE19745,6,483,1235,0,91.42%,99%
BAE19744,6,483,1235,0,91.26%,99%
CAA32323,6,483,1235,0,91.17%,99%
ACD65418,6,483,1235,0,91.34%,99%
CAA26941,6,483,1235,0,90.53%,99%
BAB69448,6,483,1235,0,91.17%,99%
BAB64293,6,483,1235,0,91.42%,99%
BAB64292,6,483,1235,0,91.50%,99%
CAA28183,6,483,1235,0,91.09%,99%
CAA28464,6,483,1235,0,91.17%,99%
AIL28079,6,483,1234,0,97.65%,99%
ADM52143,6,483,1234,0,99.84%,99%
AQZ58561,6,483,1229,0,97.40%,98%
AIL27695,6,483,1226,0,97.88%,98%
AIL27699,6,483,1196,0,91.64%,96%
2GV9B,6,483,1193,0,91.95%,95%
2GV9A,6,483,1193,0,91.95%,95%
SBO07663,6,483,1151,0,92.18%,92%
AMB66282,6,483,945,0,99.05%,75%
AMB66210,6,483,721,0,92.65%,57%
AMJ54425,7,356,1243,AMJ54425,100,100%
AMJ53090,7,356,1243,0,99.60%,100%
AIC80149,7,356,1243,0,99.52%,100%
AMO64740,7,356,1243,0,99.52%,100%
AFR56052,7,356,1243,0,99.60%,100%
AFR55884,7,356,1243,0,99.52%,100%
AKI23490,7,356,1243,0,99.52%,100%
AKI22488,7,356,1243,0,99.60%,100%
AKI20318,7,356,1243,0,99.52%,100%
AKI19314,7,356,1243,0,99.44%,100%
AKI17307,7,356,1243,0,99.52%,100%
AKI10295,7,356,1243,0,99.44%,100%
ACS92155,7,356,1243,0,99.52%,100%
AAD30105,7,356,1243,0,99.52%,100%
P08546,7,356,1242,0,99.44%,99%
Q6SW77,7,356,1242,0,99.28%,99%
ASY06489,7,356,1242,0,99.52%,99%
ASY06321,7,356,1242,0,99.52%,99%
ASY06152,7,356,1242,0,99.52%,99%
ASY05984,7,356,1242,0,99.52%,99%
AMJ55091,7,356,1242,0,99.44%,99%
AMJ54926,7,356,1242,0,99.36%,99%
AMJ54758,7,356,1242,0,99.52%,99%
AMJ54593,7,356,1242,0,99.28%,99%
AMJ54091,7,356,1242,0,99.60%,99%
AMJ53923,7,356,1242,0,99.19%,99%
AMJ53757,7,356,1242,0,99.36%,99%
AMJ53592,7,356,1242,0,99.52%,99%
AMJ53424,7,356,1242,0,99.52%,99%
AMJ53257,7,356,1242,0,99.68%,99%
AMJ52924,7,356,1242,0,99.60%,99%
AMJ52757,7,356,1242,0,99.68%,99%
AMJ52591,7,356,1242,0,99.76%,99%
AIC80651,7,356,1242,0,99.68%,99%
AIC80485,7,356,1242,0,99.36%,99%
AIC80317,7,356,1242,0,99.52%,99%
ABV71585,7,356,1242,0,99.60%,99%
APG57931,7,356,1242,0,99.68%,99%
APG57763,7,356,1242,0,99.68%,99%
APG57593,7,356,1242,0,99.68%,99%
APG57424,7,356,1242,0,99.60%,99%
APG57254,7,356,1242,0,99.60%,99%
AGT36483,7,356,1242,0,99.52%,99%
ACZ72808,7,356,1242,0,99.28%,99%
ACS32369,7,356,1242,0,99.52%,99%
APB97519,7,356,1242,0,99.52%,99%
APB97350,7,356,1242,0,99.52%,99%
APA46365,7,356,1242,0,99.36%,99%
APA46228,7,356,1242,0,99.52%,99%
APA46090,7,356,1242,0,99.60%,99%
APA45574,7,356,1242,0,99.68%,99%
APA45453,7,356,1242,0,99.68%,99%
APA45200,7,356,1242,0,99.68%,99%
AJY57898,7,356,1242,0,99.28%,99%
AJY57732,7,356,1242,0,99.28%,99%
AJY57565,7,356,1242,0,99.28%,99%
AJY57398,7,356,1242,0,99.28%,99%
AJY57231,7,356,1242,0,99.28%,99%
AJY57064,7,356,1242,0,99.28%,99%
AJY56897,7,356,1242,0,99.28%,99%
AJY56730,7,356,1242,0,99.28%,99%
AJY56563,7,356,1242,0,99.28%,99%
AJY56396,7,356,1242,0,99.28%,99%
AJY56229,7,356,1242,0,99.28%,99%
AJY56062,7,356,1242,0,99.28%,99%
AJY55895,7,356,1242,0,99.28%,99%
AJY55728,7,356,1242,0,99.28%,99%
AJY55561,7,356,1242,0,99.28%,99%
AJY55394,7,356,1242,0,99.28%,99%
AJY55227,7,356,1242,0,99.28%,99%
AJY55060,7,356,1242,0,99.28%,99%
AJY54893,7,356,1242,0,99.28%,99%
AJY54726,7,356,1242,0,99.28%,99%
ADD39115,7,356,1242,0,99.52%,99%
ADV04382,7,356,1242,0,99.44%,99%
AND81988,7,356,1242,0,99.52%,99%
AND81823,7,356,1242,0,99.52%,99%
AND81659,7,356,1242,0,99.52%,99%
AND81494,7,356,1242,0,99.60%,99%
AKI26560,7,356,1242,0,99.44%,99%
AKI26391,7,356,1242,0,99.52%,99%
AKI26223,7,356,1242,0,99.68%,99%
AKI26054,7,356,1242,0,99.52%,99%
AKI25886,7,356,1242,0,99.11%,99%
AKI25718,7,356,1242,0,99.44%,99%
AKI25550,7,356,1242,0,99.44%,99%
AKI25381,7,356,1242,0,99.68%,99%
AKI25211,7,356,1242,0,99.36%,99%
AKI25041,7,356,1242,0,99.68%,99%
AKI24872,7,356,1242,0,99.60%,99%
AKI24703,7,356,1242,0,99.68%,99%
AKI24534,7,356,1242,0,99.68%,99%
AKI24366,7,356,1242,0,99.44%,99%
AKI24196,7,356,1242,0,99.68%,99%
AKI24027,7,356,1242,0,99.60%,99%
AKI23859,7,356,1242,0,99.68%,99%
AKI23691,7,356,1242,0,99.52%,99%
AMO64908,7,356,1242,0,99.60%,99%
AMO64573,7,356,1242,0,99.36%,99%
AMO64405,7,356,1242,0,99.44%,99%
AHJ83964,7,356,1242,0,99.60%,99%
AHJ83794,7,356,1242,0,99.60%,99%
AHJ83627,7,356,1242,0,99.60%,99%
AHJ83460,7,356,1242,0,99.60%,99%
AHJ83291,7,356,1242,0,99.60%,99%
AHJ83122,7,356,1242,0,99.36%,99%
AHJ82953,7,356,1242,0,99.60%,99%
AHJ82784,7,356,1242,0,99.44%,99%
AHJ82618,7,356,1242,0,99.44%,99%
AFR56386,7,356,1242,0,99.36%,99%
AFR56219,7,356,1242,0,99.68%,99%
AFR55718,7,356,1242,0,99.36%,99%
AFR55549,7,356,1242,0,99.44%,99%
AFR55384,7,356,1242,0,99.44%,99%
AFR55215,7,356,1242,0,99.36%,99%
AFR55047,7,356,1242,0,99.60%,99%
AFR54883,7,356,1242,0,99.60%,99%
AFR54716,7,356,1242,0,99.19%,99%
AFR54556,7,356,1242,0,99.36%,99%
ADE88062,7,356,1242,0,99.44%,99%
ALT16286,7,356,1242,0,99.28%,99%
ALT16121,7,356,1242,0,99.28%,99%
ALT15965,7,356,1242,0,99.28%,99%
ALT15800,7,356,1242,0,99.28%,99%
ALT15635,7,356,1242,0,99.28%,99%
ALT15470,7,356,1242,0,99.28%,99%
ALT15305,7,356,1242,0,99.28%,99%
ALT15140,7,356,1242,0,99.28%,99%
ALT14975,7,356,1242,0,99.28%,99%
ALT14810,7,356,1242,0,99.28%,99%
ALT14645,7,356,1242,0,99.28%,99%
AHJ85984,7,356,1242,0,99.52%,99%
AHJ85817,7,356,1242,0,99.52%,99%
AHJ85650,7,356,1242,0,99.36%,99%
AHJ85482,7,356,1242,0,99.28%,99%
AHJ85313,7,356,1242,0,99.68%,99%
AHJ85144,7,356,1242,0,99.60%,99%
AHJ84974,7,356,1242,0,99.60%,99%
AHJ84806,7,356,1242,0,99.28%,99%
AHJ84637,7,356,1242,0,99.68%,99%
AHJ84468,7,356,1242,0,99.28%,99%
AHJ84300,7,356,1242,0,99.68%,99%
AHJ84132,7,356,1242,0,99.68%,99%
AHJ82449,7,356,1242,0,99.52%,99%
AHJ82282,7,356,1242,0,99.60%,99%
AHJ82112,7,356,1242,0,99.60%,99%
AHJ81944,7,356,1242,0,99.68%,99%
ALN67053,7,356,1242,0,99.68%,99%
ALL26208,7,356,1242,0,99.28%,99%
AHJ86152,7,356,1242,0,99.52%,99%
AKI23323,7,356,1242,0,99.44%,99%
AKI23158,7,356,1242,0,99.52%,99%
AKI22991,7,356,1242,0,99.44%,99%
AKI22823,7,356,1242,0,99.44%,99%
AKI22655,7,356,1242,0,99.68%,99%
AKI22320,7,356,1242,0,99.52%,99%
AKI22155,7,356,1242,0,99.60%,99%
AKI21989,7,356,1242,0,99.60%,99%
AKI21821,7,356,1242,0,99.36%,99%
AKI21654,7,356,1242,0,99.68%,99%
AKI21488,7,356,1242,0,99.68%,99%
AKI21324,7,356,1242,0,99.44%,99%
AKI20821,7,356,1242,0,99.60%,99%
AKI20653,7,356,1242,0,99.28%,99%
AKI20485,7,356,1242,0,99.60%,99%
AKI20150,7,356,1242,0,99.52%,99%
AKI19982,7,356,1242,0,99.44%,99%
AKI19815,7,356,1242,0,99.60%,99%
AKI19647,7,356,1242,0,99.28%,99%
AKI19482,7,356,1242,0,99.68%,99%
AKI19145,7,356,1242,0,99.68%,99%
AKI18978,7,356,1242,0,99.68%,99%
AKI18811,7,356,1242,0,99.68%,99%
AKI18643,7,356,1242,0,99.36%,99%
AKI18476,7,356,1242,0,99.36%,99%
AKI18307,7,356,1242,0,99.52%,99%
AKI18140,7,356,1242,0,99.68%,99%
AKI17974,7,356,1242,0,99.44%,99%
AKI17807,7,356,1242,0,99.68%,99%
AKI17641,7,356,1242,0,99.60%,99%
AKI17474,7,356,1242,0,99.68%,99%
AKI17138,7,356,1242,0,99.52%,99%
AKI16970,7,356,1242,0,99.68%,99%
AKI16805,7,356,1242,0,99.68%,99%
AKI16637,7,356,1242,0,99.44%,99%
AKI16474,7,356,1242,0,99.68%,99%
AKI16307,7,356,1242,0,99.68%,99%
AKI16138,7,356,1242,0,99.52%,99%
AKI15972,7,356,1242,0,99.68%,99%
AKI15806,7,356,1242,0,99.44%,99%
AKI15639,7,356,1242,0,99.68%,99%
AKI15473,7,356,1242,0,99.60%,99%
AKI15305,7,356,1242,0,99.68%,99%
AKI15138,7,356,1242,0,99.68%,99%
AKI14970,7,356,1242,0,99.52%,99%
AKI14802,7,356,1242,0,99.68%,99%
AKI14635,7,356,1242,0,99.68%,99%
AKI14467,7,356,1242,0,99.36%,99%
AKI14298,7,356,1242,0,99.68%,99%
AKI14130,7,356,1242,0,99.52%,99%
AKI13798,7,356,1242,0,99.68%,99%
AKI13630,7,356,1242,0,99.68%,99%
AKI13462,7,356,1242,0,99.68%,99%
AKI13293,7,356,1242,0,99.36%,99%
AKI13125,7,356,1242,0,99.68%,99%
AKI12959,7,356,1242,0,99.68%,99%
AKI12791,7,356,1242,0,99.68%,99%
AKI12627,7,356,1242,0,99.28%,99%
AKI12460,7,356,1242,0,99.36%,99%
AKI12294,7,356,1242,0,99.52%,99%
AKI12128,7,356,1242,0,99.68%,99%
AKI11960,7,356,1242,0,99.68%,99%
AKI11793,7,356,1242,0,99.44%,99%
AKI11629,7,356,1242,0,99.60%,99%
AKI11465,7,356,1242,0,99.36%,99%
AKI11297,7,356,1242,0,99.68%,99%
AKI11130,7,356,1242,0,99.60%,99%
AKI10964,7,356,1242,0,99.28%,99%
AKI10797,7,356,1242,0,99.44%,99%
AKI10629,7,356,1242,0,99.60%,99%
AKI10462,7,356,1242,0,99.60%,99%
AKI10128,7,356,1242,0,99.52%,99%
AKI09959,7,356,1242,0,99.36%,99%
AKI09790,7,356,1242,0,99.36%,99%
AKI09623,7,356,1242,0,99.52%,99%
AKI09454,7,356,1242,0,99.28%,99%
AKI09287,7,356,1242,0,99.52%,99%
AKI09118,7,356,1242,0,99.68%,99%
AKI08950,7,356,1242,0,99.68%,99%
AKI08782,7,356,1242,0,99.52%,99%
AKI08613,7,356,1242,0,99.28%,99%
AKI08446,7,356,1242,0,99.36%,99%
AKI08280,7,356,1242,0,99.19%,99%
AKI08113,7,356,1242,0,99.68%,99%
AKI07946,7,356,1242,0,99.60%,99%
AKI07778,7,356,1242,0,99.52%,99%
AKI07610,7,356,1242,0,99.68%,99%
AII80158,7,356,1242,0,99.28%,99%
AII79991,7,356,1242,0,99.28%,99%
AII79832,7,356,1242,0,99.28%,99%
AII79667,7,356,1242,0,99.28%,99%
AII79499,7,356,1242,0,99.28%,99%
AHB20032,7,356,1242,0,99.60%,99%
AHB19867,7,356,1242,0,99.52%,99%
AHB19534,7,356,1242,0,99.68%,99%
AHB19366,7,356,1242,0,99.28%,99%
AHV84012,7,356,1242,0,99.44%,99%
AGT36355,7,356,1242,0,99.52%,99%
AGL96654,7,356,1242,0,99.68%,99%
AGQ47284,7,356,1242,0,99.60%,99%
YP_081513,7,356,1242,0,99.28%,99%
AAR31619,7,356,1242,0,99.28%,99%
ACZ80306,7,356,1242,0,99.52%,99%
ACZ80141,7,356,1242,0,99.68%,99%
ACZ79976,7,356,1242,0,99.60%,99%
ACZ79811,7,356,1242,0,99.28%,99%
ACU83715,7,356,1242,0,99.36%,99%
ACT81901,7,356,1242,0,99.60%,99%
ACT81736,7,356,1242,0,99.36%,99%
ACS93397,7,356,1242,0,99.28%,99%
ACS91990,7,356,1242,0,99.60%,99%
ACM48043,7,356,1242,0,99.52%,99%
ACL51134,7,356,1242,0,99.44%,99%
DAA00159,7,356,1242,0,99.44%,99%
AAA46008,7,356,1242,0,99.44%,99%
AAA45988,7,356,1242,0,99.44%,99%
BAJ06834,7,356,1242,0,99.36%,99%
BAF64755,7,356,1242,0,99.68%,99%
AAD30104,7,356,1242,0,99.60%,99%
AAD30103,7,356,1242,0,99.68%,99%
AAD30102,7,356,1242,0,99.52%,99%
AAD30101,7,356,1242,0,99.68%,99%
AAD30100,7,356,1242,0,99.60%,99%
AAD30099,7,356,1242,0,99.28%,99%
AAD30098,7,356,1242,0,99.68%,99%
AAD30097,7,356,1242,0,99.52%,99%
AAD30096,7,356,1242,0,99.44%,99%
AAD30095,7,356,1242,0,99.28%,99%
AAD30094,7,356,1242,0,99.03%,99%
AAD30093,7,356,1242,0,99.28%,99%
AAD30092,7,356,1242,0,99.44%,99%
AAD30091,7,356,1242,0,99.60%,99%
AAD30090,7,356,1242,0,99.60%,99%
AAD30089,7,356,1242,0,99.28%,99%
AAD30088,7,356,1242,0,99.36%,99%
AAD30087,7,356,1242,0,99.44%,99%
AAD30086,7,356,1242,0,99.44%,99%
AAD30085,7,356,1242,0,99.52%,99%
AAD30084,7,356,1242,0,99.52%,99%
AAD30083,7,356,1242,0,99.76%,99%
AAD30082,7,356,1242,0,99.28%,99%
AAD30080,7,356,1242,0,99.52%,99%
AAD30079,7,356,1242,0,99.36%,99%
AAD30078,7,356,1242,0,99.76%,99%
AAD30077,7,356,1242,0,99.44%,99%
AAD30076,7,356,1242,0,99.36%,99%
AAD30075,7,356,1242,0,99.60%,99%
AAD30074,7,356,1242,0,99.68%,99%
AAD30073,7,356,1242,0,99.44%,99%
AAD30072,7,356,1242,0,99.36%,99%
AAD30071,7,356,1242,0,99.44%,99%
AAD30070,7,356,1242,0,99.52%,99%
AAD30069,7,356,1242,0,99.68%,99%
AAD30068,7,356,1242,0,99.60%,99%
AAD30067,7,356,1242,0,99.44%,99%
AAD30066,7,356,1242,0,99.60%,99%
ABA26314,7,356,1242,0,99.19%,99%
ABA26302,7,356,1242,0,99.19%,99%
AAP88377,7,356,1242,0,99.44%,99%
CAA35413,7,356,1242,0,99.44%,99%
ABA26287,7,356,1242,0,99.44%,99%
AMJ54258,7,356,1241,0,99.27%,99%
AKI21156,7,356,1241,0,99.76%,99%
AKI20989,7,356,1241,0,99.52%,99%
AHB19701,7,356,1241,0,99.52%,99%
AAG02102,7,356,1240,0,99.44%,99%
AKI13964,7,356,1240,0,99.35%,99%
AAD30081,7,356,1240,0,99.35%,99%
2023154C,7,356,1004,0,99.50%,80%
AKF02852,7,356,832,0,99.16%,66%
AAP57915,7,356,806,0,99.13%,64%
AAP57911,7,356,805,0,99.38%,64%
AAP57919,7,356,803,0,99.63%,64%
AAP57917,7,356,803,0,99.00%,64%
AAP57916,7,356,803,0,99.25%,64%
AAP57913,7,356,803,0,99.38%,64%
AAP57909,7,356,803,0,99.13%,64%
AAP57914,7,356,802,0,99.38%,64%
AAP57910,7,356,801,0,99.00%,64%
AAP57918,7,356,797,0,99.37%,64%
AAP57908,7,356,788,0,99.24%,63%
AAP57920,7,356,787,0,99.36%,63%
AAP57912,7,356,787,0,99.11%,63%
AAR00276,7,356,621,0,99.68%,49%
AAR00275,7,356,621,0,99.68%,49%
AAR00274,7,356,621,0,99.52%,49%
AAR00273,7,356,621,0,99.52%,49%
AAR00272,7,356,621,0,99.03%,49%
AAR00271,7,356,621,0,99.03%,49%
AAR00270,7,356,621,0,99.19%,49%
AAR00292,7,356,621,0,99.03%,49%
AAR00291,7,356,621,0,99.36%,49%
AAR00290,7,356,621,0,99.03%,49%
AAR00289,7,356,621,0,99.68%,49%
AAR00288,7,356,621,0,99.52%,49%
AAR00287,7,356,621,0,99.68%,49%
AAR00286,7,356,621,0,99.68%,49%
AAR00285,7,356,621,0,99.03%,49%
AAR00284,7,356,621,0,99.19%,49%
AAR00283,7,356,621,0,99.03%,49%
AAR00282,7,356,621,0,99.68%,49%
AAR00281,7,356,621,0,99.52%,49%
AAR00280,7,356,621,0,99.03%,49%
AAR00279,7,356,621,0,99.68%,49%
AAR00278,7,356,621,0,99.19%,49%
AAR00277,7,356,621,0,99.03%,49%
YP_003933809,8,2,1241,YP_003933809,100,100%
ADO13797,8,2,1241,0,100.00%,100%
AMB65848,9,4,1235,AMB65848,100,100%
AMB65701,9,4,1235,0,96.92%,100%
AMB65628,9,4,1235,0,96.92%,100%
AMB65775,9,4,963,0,96.26%,77%
BAP00709,10,2,1235,BAP00709,100,100%
YP_009042092,10,2,1235,0,100.00%,100%
YP_164473,11,2,1226,YP_164473,100,100%
AAU88096,11,2,1226,0,100.00%,100%
YP_009227263,12,2,1224,YP_009227263,100,100%
AMB16995,12,2,1224,0,100.00%,100%
YP_009054933,13,2,1221,YP_009054933,100,100%
AIL02947,13,2,1221,0,100.00%,100%
Q9E6N9,14,29,1220,Q9E6N9,100,100%
ARE59077,14,29,1220,0,100.00%,100%
AQN78166,14,29,1220,0,99.92%,100%
AQN77994,14,29,1220,0,100.00%,100%
AQN77821,14,29,1220,0,100.00%,100%
AQN77643,14,29,1220,0,99.92%,100%
AQN77472,14,29,1220,0,100.00%,100%
AQN77296,14,29,1220,0,99.92%,100%
AQN77122,14,29,1220,0,99.84%,100%
ALX81095,14,29,1220,0,100.00%,100%
ALX80977,14,29,1220,0,100.00%,100%
AFM75526,14,29,1220,0,100.00%,100%
AFM75348,14,29,1220,0,100.00%,100%
AFM75167,14,29,1220,0,100.00%,100%
AFM74980,14,29,1220,0,100.00%,100%
AFM74790,14,29,1220,0,100.00%,100%
AFM74603,14,29,1220,0,100.00%,100%
AFX97946,14,29,1220,0,100.00%,100%
YP_001033959,14,29,1220,0,100.00%,100%
AEZ51688,14,29,1220,0,100.00%,100%
AEV55010,14,29,1220,0,99.84%,100%
ACF94912,14,29,1220,0,100.00%,100%
AAG14223,14,29,1220,0,100.00%,100%
ABR13112,14,29,1220,0,100.00%,100%
AAS01671,14,29,1220,0,99.92%,100%
ABF72268,14,29,1220,0,100.00%,100%
AAF66765,14,29,1218,0,99.10%,99%
AAA79862,14,29,1180,0,99.32%,96%
2115435A,14,29,1180,0,99.32%,96%
Q6S6P1,15,125,1220,Q6S6P1,100,100%
P28858,15,125,1220,0,99.84%,100%
BAX36426,15,125,1220,0,99.84%,100%
AMD81993,15,125,1220,0,99.84%,100%
AOS50784,15,125,1220,0,95.57%,100%
AOS50782,15,125,1220,0,96.56%,100%
AOS50781,15,125,1220,0,96.39%,100%
AOS50780,15,125,1220,0,96.72%,100%
AKQ19073,15,125,1220,0,99.84%,100%
AMB15810,15,125,1220,0,99.92%,100%
AMB15731,15,125,1220,0,99.84%,100%
AMB15652,15,125,1220,0,99.92%,100%
AMB15573,15,125,1220,0,99.92%,100%
AMB15494,15,125,1220,0,99.92%,100%
AMB15415,15,125,1220,0,99.92%,100%
AMB15336,15,125,1220,0,99.92%,100%
AMB15256,15,125,1220,0,99.84%,100%
AMB15177,15,125,1220,0,99.92%,100%
AMB15098,15,125,1220,0,99.84%,100%
AMB15019,15,125,1220,0,99.92%,100%
AHN10530,15,125,1220,0,99.92%,100%
AHN10494,15,125,1220,0,99.84%,100%
AHN10533,15,125,1220,0,99.84%,100%
AHN10532,15,125,1220,0,99.84%,100%
AHN10531,15,125,1220,0,99.92%,100%
AHN10529,15,125,1220,0,99.75%,100%
AHN10528,15,125,1220,0,99.75%,100%
AHN10527,15,125,1220,0,99.84%,100%
AHN10526,15,125,1220,0,99.84%,100%
AHN10525,15,125,1220,0,99.84%,100%
AHN10524,15,125,1220,0,99.84%,100%
AHN10523,15,125,1220,0,99.84%,100%
AHN10522,15,125,1220,0,99.84%,100%
AHN10521,15,125,1220,0,99.84%,100%
AHN10520,15,125,1220,0,99.84%,100%
AHN10519,15,125,1220,0,99.84%,100%
AHN10518,15,125,1220,0,99.84%,100%
AHN10517,15,125,1220,0,99.84%,100%
AHN10516,15,125,1220,0,99.84%,100%
AHN10515,15,125,1220,0,99.92%,100%
AHN10514,15,125,1220,0,99.84%,100%
AHN10513,15,125,1220,0,99.92%,100%
AHN10512,15,125,1220,0,99.84%,100%
AHN10511,15,125,1220,0,99.92%,100%
AHN10510,15,125,1220,0,99.92%,100%
AHN10509,15,125,1220,0,99.84%,100%
AHN10508,15,125,1220,0,99.92%,100%
AHN10507,15,125,1220,0,99.92%,100%
AHN10506,15,125,1220,0,99.59%,100%
AHN10505,15,125,1220,0,99.59%,100%
AHN10504,15,125,1220,0,99.59%,100%
AHN10503,15,125,1220,0,99.92%,100%
AHN10502,15,125,1220,0,99.92%,100%
AHN10501,15,125,1220,0,99.92%,100%
AHN10500,15,125,1220,0,99.92%,100%
AHN10499,15,125,1220,0,99.67%,100%
AHN10498,15,125,1220,0,97.54%,100%
AHN10497,15,125,1220,0,96.48%,100%
AHN10496,15,125,1220,0,99.92%,100%
AHN10495,15,125,1220,0,99.92%,100%
AHN10493,15,125,1220,0,99.84%,100%
AHN10492,15,125,1220,0,99.84%,100%
AHN10491,15,125,1220,0,99.84%,100%
AHN10490,15,125,1220,0,99.92%,100%
AHN10489,15,125,1220,0,99.84%,100%
AHN10488,15,125,1220,0,99.75%,100%
AHN10487,15,125,1220,0,99.92%,100%
AHN10486,15,125,1220,0,99.92%,100%
AHN10485,15,125,1220,0,99.92%,100%
AHN10484,15,125,1220,0,100.00%,100%
AHN10483,15,125,1220,0,99.92%,100%
AHN10482,15,125,1220,0,99.92%,100%
AHN10481,15,125,1220,0,100.00%,100%
AHN10480,15,125,1220,0,99.75%,100%
AHN10479,15,125,1220,0,99.92%,100%
AHN10478,15,125,1220,0,99.75%,100%
AHN10477,15,125,1220,0,99.75%,100%
AHN10476,15,125,1220,0,99.84%,100%
AHN10475,15,125,1220,0,99.92%,100%
AHN10474,15,125,1220,0,99.92%,100%
AHN10473,15,125,1220,0,99.75%,100%
AHN10472,15,125,1220,0,99.92%,100%
AHN10471,15,125,1220,0,99.92%,100%
AHN10470,15,125,1220,0,99.92%,100%
BAR43394,15,125,1220,0,99.92%,100%
AII81683,15,125,1220,0,99.84%,100%
AII81603,15,125,1220,0,99.84%,100%
AII81523,15,125,1220,0,99.84%,100%
AII81443,15,125,1220,0,99.92%,100%
AII81124,15,125,1220,0,99.84%,100%
AII81044,15,125,1220,0,99.84%,100%
AII80964,15,125,1220,0,99.84%,100%
AII80884,15,125,1220,0,99.84%,100%
AII80804,15,125,1220,0,99.75%,100%
AII80724,15,125,1220,0,99.84%,100%
AII80643,15,125,1220,0,99.92%,100%
AHA56675,15,125,1220,0,99.84%,100%
AHA56674,15,125,1220,0,99.92%,100%
AII81761,15,125,1220,0,97.70%,100%
AII81363,15,125,1220,0,97.54%,100%
AII81283,15,125,1220,0,97.54%,100%
AII81204,15,125,1220,0,97.54%,100%
AGZ94829,15,125,1220,0,99.84%,100%
AGZ94828,15,125,1220,0,99.92%,100%
AGZ94827,15,125,1220,0,99.84%,100%
AGZ94826,15,125,1220,0,99.84%,100%
AGZ94825,15,125,1220,0,99.84%,100%
AGZ94824,15,125,1220,0,99.75%,100%
AGZ94823,15,125,1220,0,99.84%,100%
AGZ94822,15,125,1220,0,99.92%,100%
AGZ94821,15,125,1220,0,99.92%,100%
AGZ94820,15,125,1220,0,99.84%,100%
AGZ94819,15,125,1220,0,99.92%,100%
AGZ94818,15,125,1220,0,99.92%,100%
AGZ94817,15,125,1220,0,99.84%,100%
BAM75880,15,125,1220,0,99.59%,100%
YP_002333511,15,125,1220,0,96.56%,100%
YP_006273009,15,125,1220,0,95.98%,100%
YP_053075,15,125,1220,0,99.84%,100%
AFI33165,15,125,1220,0,95.98%,100%
AAS45914,15,125,1220,0,100.00%,100%
AAT67287,15,125,1220,0,99.84%,100%
BAH02455,15,125,1220,0,96.56%,100%
AGZ94830,15,125,1217,0,99.84%,99%
AGZ94836,15,125,1216,0,96.13%,99%
BAV93632,16,29,1220,BAV93632,100,100%
BAV93553,16,29,1220,0,100.00%,100%
BAV93474,16,29,1220,0,99.75%,100%
BAV93395,16,29,1220,0,100.00%,100%
BAV93316,16,29,1220,0,99.92%,100%
BAV93237,16,29,1220,0,99.92%,100%
BAV93158,16,29,1220,0,99.84%,100%
BAV93079,16,29,1220,0,99.75%,100%
AMB16939,16,29,1220,0,99.75%,100%
AMB16860,16,29,1220,0,99.75%,100%
AMB16781,16,29,1220,0,99.84%,100%
AMB16702,16,29,1220,0,99.84%,100%
AMB16623,16,29,1220,0,99.75%,100%
AMB16544,16,29,1220,0,99.92%,100%
AMB16465,16,29,1220,0,100.00%,100%
AMB16386,16,29,1220,0,100.00%,100%
AMB16307,16,29,1220,0,99.92%,100%
AMB16228,16,29,1220,0,100.00%,100%
AMB16149,16,29,1220,0,100.00%,100%
AMB16070,16,29,1220,0,100.00%,100%
AMB15991,16,29,1220,0,99.84%,100%
AMB15912,16,29,1220,0,99.84%,100%
AGZ94835,16,29,1220,0,100.00%,100%
AGZ94834,16,29,1220,0,99.84%,100%
AGZ94833,16,29,1220,0,99.75%,100%
AGZ94832,16,29,1220,0,99.92%,100%
AGZ94831,16,29,1220,0,100.00%,100%
NP_045247,16,29,1220,0,99.84%,100%
AAC59546,16,29,1220,0,99.84%,100%
AAT79466,17,1,1219,AAT79466,100,100%
YP_009342373,18,3,1218,YP_009342373,100,100%
SCO83542,18,3,1218,0,100.00%,100%
SCL76940,18,3,1217,0,98.69%,99%
AEI00235,19,1,1211,AEI00235,100,100%
AAD55134,20,1,1211,AAD55134,100,100%
YP_003084391,21,14,1206,YP_003084391,100,100%
AJG04899,21,14,1206,0,100.00%,100%
AGA17822,21,14,1206,0,100.00%,100%
AGW24824,21,14,1206,0,100.00%,100%
AGS78690,21,14,1206,0,100.00%,100%
AFC61852,21,14,1206,0,100.00%,100%
AEN80095,21,14,1206,0,100.00%,100%
ACT83543,21,14,1206,0,100.00%,100%
ABU46133,21,14,1206,0,100.00%,100%
ABO26217,21,14,1206,0,100.00%,100%
ABM92130,21,14,1206,0,100.00%,100%
gi|254839998|gb|ACT,21,14,1206,0,100.00%,100%
ABU49741,21,14,1090,0,99.91%,90%
AEP69256,21,14,506,0,99.21%,41%
YP_003331549,22,29,1205,YP_003331549,100,100%
ALJ85884,22,29,1205,0,100.00%,100%
ALJ85808,22,29,1205,0,100.00%,100%
ALJ85732,22,29,1205,0,100.00%,100%
ALJ85656,22,29,1205,0,100.00%,100%
ALJ85580,22,29,1205,0,100.00%,100%
ALJ85504,22,29,1205,0,100.00%,100%
ALJ85428,22,29,1205,0,100.00%,100%
ALJ85352,22,29,1205,0,99.92%,100%
ALJ85276,22,29,1205,0,100.00%,100%
ALJ85200,22,29,1205,0,99.92%,100%
ALJ85124,22,29,1205,0,100.00%,100%
ALJ85048,22,29,1205,0,100.00%,100%
ALJ84972,22,29,1205,0,100.00%,100%
ALJ84896,22,29,1205,0,100.00%,100%
ALJ84820,22,29,1205,0,100.00%,100%
ALJ84744,22,29,1205,0,100.00%,100%
ALJ84668,22,29,1205,0,100.00%,100%
ALJ84592,22,29,1205,0,100.00%,100%
ALJ84516,22,29,1205,0,100.00%,100%
ALJ84440,22,29,1205,0,100.00%,100%
ALJ84364,22,29,1205,0,100.00%,100%
ALJ84288,22,29,1205,0,100.00%,100%
ALJ84212,22,29,1205,0,100.00%,100%
ALJ84136,22,29,1205,0,100.00%,100%
ALJ84060,22,29,1205,0,99.92%,100%
ANG65538,22,29,1205,0,100.00%,100%
ACT88328,22,29,1205,0,100.00%,100%
CAA12264,22,29,1177,0,98.13%,97%
NP_073324,23,3,1205,NP_073324,100,100%
AAG30070,23,3,1205,0,99.75%,100%
AAG45768,23,3,1205,0,100.00%,100%
Q4JQU7,24,253,1194,Q4JQU7,100,100%
P09252,24,253,1194,0,99.75%,100%
AQT34080,24,253,1194,0,99.83%,100%
AQT34007,24,253,1194,0,99.83%,100%
AQT33934,24,253,1194,0,100.00%,100%
AKE13365,24,253,1194,0,99.83%,100%
AON76640,24,253,1194,0,99.75%,100%
AON76567,24,253,1194,0,99.75%,100%
AON76494,24,253,1194,0,99.75%,100%
ABE67136,24,253,1194,0,99.83%,100%
AAY57713,24,253,1194,0,100.00%,100%
AAY57642,24,253,1194,0,100.00%,100%
ANS13712,24,253,1194,0,99.92%,100%
ANS13638,24,253,1194,0,99.92%,100%
ANS13564,24,253,1194,0,99.92%,100%
ANS13490,24,253,1194,0,100.00%,100%
ANS13417,24,253,1194,0,100.00%,100%
ANS13344,24,253,1194,0,100.00%,100%
ANS13270,24,253,1194,0,100.00%,100%
ANS13196,24,253,1194,0,100.00%,100%
ANS13122,24,253,1194,0,100.00%,100%
ANS13048,24,253,1194,0,100.00%,100%
ANS12974,24,253,1194,0,100.00%,100%
ANS12900,24,253,1194,0,99.75%,100%
AIJ28621,24,253,1194,0,99.92%,100%
AMS24402,24,253,1194,0,99.75%,100%
AMS24401,24,253,1194,0,99.83%,100%
AMS24400,24,253,1194,0,99.75%,100%
AMS24399,24,253,1194,0,99.75%,100%
AMS24398,24,253,1194,0,99.66%,100%
AMS24397,24,253,1194,0,99.75%,100%
AMS24396,24,253,1194,0,99.75%,100%
AMS24395,24,253,1194,0,99.75%,100%
AMS24394,24,253,1194,0,99.75%,100%
AMS24393,24,253,1194,0,99.83%,100%
AMS24392,24,253,1194,0,99.75%,100%
AMS24391,24,253,1194,0,99.75%,100%
AMS24390,24,253,1194,0,99.75%,100%
AMS24389,24,253,1194,0,99.66%,100%
AMS24388,24,253,1194,0,99.75%,100%
AMS24387,24,253,1194,0,99.66%,100%
AMS24386,24,253,1194,0,99.75%,100%
AMS24385,24,253,1194,0,99.83%,100%
AMS24384,24,253,1194,0,99.75%,100%
AMS24383,24,253,1194,0,99.75%,100%
AMS24382,24,253,1194,0,99.75%,100%
AMS24381,24,253,1194,0,99.75%,100%
AMS24380,24,253,1194,0,99.75%,100%
AMS24379,24,253,1194,0,99.75%,100%
AMS24378,24,253,1194,0,99.83%,100%
AMS24377,24,253,1194,0,99.75%,100%
AMS24376,24,253,1194,0,99.66%,100%
AMS24375,24,253,1194,0,99.83%,100%
AMS24374,24,253,1194,0,99.75%,100%
AMS24373,24,253,1194,0,99.83%,100%
AMS24372,24,253,1194,0,99.75%,100%
AMS24371,24,253,1194,0,99.75%,100%
AMS24370,24,253,1194,0,99.75%,100%
AMS24369,24,253,1194,0,99.75%,100%
AMS24368,24,253,1194,0,99.75%,100%
AMS24367,24,253,1194,0,99.75%,100%
AMS24366,24,253,1194,0,99.75%,100%
AMS24365,24,253,1194,0,99.75%,100%
AMS24364,24,253,1194,0,99.83%,100%
AMS24363,24,253,1194,0,99.75%,100%
AMS24362,24,253,1194,0,99.75%,100%
AMS24361,24,253,1194,0,99.75%,100%
AMS24360,24,253,1194,0,100.00%,100%
AMS24359,24,253,1194,0,99.75%,100%
AMS24358,24,253,1194,0,99.66%,100%
AMS24357,24,253,1194,0,99.75%,100%
AMS24356,24,253,1194,0,99.75%,100%
AMS24355,24,253,1194,0,99.75%,100%
AMS24354,24,253,1194,0,99.75%,100%
AMS24353,24,253,1194,0,99.75%,100%
AMS24352,24,253,1194,0,99.83%,100%
AMS24351,24,253,1194,0,99.58%,100%
AMS24350,24,253,1194,0,99.75%,100%
AMS24349,24,253,1194,0,99.75%,100%
AMS24348,24,253,1194,0,99.83%,100%
AMS24347,24,253,1194,0,99.83%,100%
AMS24346,24,253,1194,0,99.83%,100%
AMS24345,24,253,1194,0,99.75%,100%
AMS24344,24,253,1194,0,100.00%,100%
AMS24343,24,253,1194,0,99.66%,100%
AMS24342,24,253,1194,0,99.66%,100%
AMS24341,24,253,1194,0,100.00%,100%
AMS24340,24,253,1194,0,99.66%,100%
AMS24339,24,253,1194,0,99.75%,100%
AMS24338,24,253,1194,0,99.75%,100%
AMS24337,24,253,1194,0,99.75%,100%
AMS24336,24,253,1194,0,99.75%,100%
AMS24335,24,253,1194,0,99.83%,100%
AMS24334,24,253,1194,0,99.75%,100%
AMS24333,24,253,1194,0,99.75%,100%
AMS24332,24,253,1194,0,99.83%,100%
AMS24331,24,253,1194,0,99.75%,100%
AMS24330,24,253,1194,0,99.83%,100%
AMS24329,24,253,1194,0,99.75%,100%
AMS24328,24,253,1194,0,99.75%,100%
AMS24327,24,253,1194,0,99.83%,100%
AMS24326,24,253,1194,0,99.75%,100%
AMS24325,24,253,1194,0,99.83%,100%
AMS24324,24,253,1194,0,99.75%,100%
AMS24323,24,253,1194,0,99.83%,100%
AMS24322,24,253,1194,0,99.66%,100%
AMS24321,24,253,1194,0,99.75%,100%
AMS24320,24,253,1194,0,99.75%,100%
AGC94519,24,253,1194,0,99.83%,100%
AKG58723,24,253,1194,0,100.00%,100%
AKG58650,24,253,1194,0,99.83%,100%
AKG58577,24,253,1194,0,99.75%,100%
AKG58504,24,253,1194,0,99.83%,100%
AKG58431,24,253,1194,0,99.75%,100%
AKG58358,24,253,1194,0,99.75%,100%
AKG58285,24,253,1194,0,99.83%,100%
AKG58212,24,253,1194,0,99.75%,100%
AKG58139,24,253,1194,0,99.66%,100%
AKG58066,24,253,1194,0,99.75%,100%
AKG57991,24,253,1194,0,99.75%,100%
AKG57920,24,253,1194,0,99.83%,100%
AKG57847,24,253,1194,0,99.75%,100%
AKG57774,24,253,1194,0,99.75%,100%
AKG57701,24,253,1194,0,99.66%,100%
AKG57630,24,253,1194,0,99.75%,100%
AKG57557,24,253,1194,0,99.75%,100%
AKG57484,24,253,1194,0,99.75%,100%
AKG57411,24,253,1194,0,99.75%,100%
AKG57338,24,253,1194,0,99.83%,100%
AKG57265,24,253,1194,0,99.83%,100%
AKG57192,24,253,1194,0,99.83%,100%
AKG57119,24,253,1194,0,99.75%,100%
AKG57046,24,253,1194,0,99.75%,100%
AKG56973,24,253,1194,0,99.75%,100%
AKG56900,24,253,1194,0,99.75%,100%
AKG56827,24,253,1194,0,99.75%,100%
AKG56754,24,253,1194,0,99.83%,100%
AKG56681,24,253,1194,0,99.75%,100%
AKG56608,24,253,1194,0,99.75%,100%
AKG56535,24,253,1194,0,99.75%,100%
AKG56462,24,253,1194,0,99.75%,100%
AKG56389,24,253,1194,0,99.75%,100%
AKG56316,24,253,1194,0,99.75%,100%
AKG56243,24,253,1194,0,99.75%,100%
AKG56170,24,253,1194,0,99.75%,100%
AKG56097,24,253,1194,0,99.75%,100%
AHJ09466,24,253,1194,0,100.00%,100%
AHJ09392,24,253,1194,0,100.00%,100%
AHJ09318,24,253,1194,0,100.00%,100%
AHJ09244,24,253,1194,0,100.00%,100%
AHJ09170,24,253,1194,0,100.00%,100%
AHJ09096,24,253,1194,0,100.00%,100%
AHJ09022,24,253,1194,0,100.00%,100%
AHJ08948,24,253,1194,0,100.00%,100%
AHJ08874,24,253,1194,0,100.00%,100%
AHJ08800,24,253,1194,0,100.00%,100%
AHJ08726,24,253,1194,0,100.00%,100%
NP_040151,24,253,1194,0,99.75%,100%
AIT54570,24,253,1194,0,99.75%,100%
AIT54497,24,253,1194,0,99.75%,100%
AIT54424,24,253,1194,0,99.83%,100%
AIT54351,24,253,1194,0,99.83%,100%
AIT54278,24,253,1194,0,99.83%,100%
AIT54205,24,253,1194,0,99.83%,100%
AIT54132,24,253,1194,0,99.83%,100%
AIT54059,24,253,1194,0,99.83%,100%
AIT53986,24,253,1194,0,99.83%,100%
AIT53913,24,253,1194,0,99.83%,100%
AIT53840,24,253,1194,0,99.83%,100%
AIT53767,24,253,1194,0,99.83%,100%
AIT53694,24,253,1194,0,99.83%,100%
AIT53621,24,253,1194,0,99.83%,100%
AIT53548,24,253,1194,0,99.75%,100%
AIT53475,24,253,1194,0,99.75%,100%
AIT53402,24,253,1194,0,99.83%,100%
AIT53329,24,253,1194,0,99.83%,100%
AIT53256,24,253,1194,0,99.83%,100%
AIT53183,24,253,1194,0,99.83%,100%
AIT53110,24,253,1194,0,99.83%,100%
AIT53037,24,253,1194,0,99.75%,100%
AIT52964,24,253,1194,0,99.75%,100%
AIH07139,24,253,1194,0,100.00%,100%
AIH07065,24,253,1194,0,100.00%,100%
AHB80258,24,253,1194,0,100.00%,100%
AGY34389,24,253,1194,0,100.00%,100%
AGY34315,24,253,1194,0,100.00%,100%
AGY34241,24,253,1194,0,100.00%,100%
AGY34167,24,253,1194,0,100.00%,100%
AGY34093,24,253,1194,0,100.00%,100%
AGY34019,24,253,1194,0,100.00%,100%
AGY33945,24,253,1194,0,100.00%,100%
AGY33871,24,253,1194,0,100.00%,100%
AGY33797,24,253,1194,0,100.00%,100%
AGY33723,24,253,1194,0,100.00%,100%
AGY33649,24,253,1194,0,100.00%,100%
AGY33575,24,253,1194,0,100.00%,100%
AGY33501,24,253,1194,0,100.00%,100%
AGY33427,24,253,1194,0,100.00%,100%
AGY33353,24,253,1194,0,100.00%,100%
AGY33279,24,253,1194,0,100.00%,100%
AGY33205,24,253,1194,0,100.00%,100%
AGY33131,24,253,1194,0,99.92%,100%
AGY33057,24,253,1194,0,100.00%,100%
AGY32984,24,253,1194,0,100.00%,100%
AGY32910,24,253,1194,0,100.00%,100%
AGL50985,24,253,1194,0,99.92%,100%
AFO85605,24,253,1194,0,100.00%,100%
AFO85532,24,253,1194,0,99.75%,100%
AEL30842,24,253,1194,0,100.00%,100%
AFJ68529,24,253,1194,0,99.75%,100%
AEW89445,24,253,1194,0,99.83%,100%
AEW89373,24,253,1194,0,99.83%,100%
AEW89301,24,253,1194,0,99.83%,100%
AEW89229,24,253,1194,0,99.83%,100%
AEW89157,24,253,1194,0,99.83%,100%
AEW89085,24,253,1194,0,99.83%,100%
AEW89013,24,253,1194,0,99.75%,100%
AEW88941,24,253,1194,0,99.66%,100%
AEW88869,24,253,1194,0,99.75%,100%
AEW88797,24,253,1194,0,99.75%,100%
AEW88725,24,253,1194,0,99.66%,100%
AEW88653,24,253,1194,0,99.75%,100%
AEW88581,24,253,1194,0,100.00%,100%
AEW88509,24,253,1194,0,100.00%,100%
AEW88437,24,253,1194,0,99.75%,100%
AEW88365,24,253,1194,0,99.75%,100%
AEW88293,24,253,1194,0,99.75%,100%
AEW88221,24,253,1194,0,99.75%,100%
AEW88149,24,253,1194,0,99.75%,100%
AEW88077,24,253,1194,0,99.75%,100%
AEW88005,24,253,1194,0,99.75%,100%
ABH08463,24,253,1194,0,99.75%,100%
ABF22258,24,253,1194,0,99.75%,100%
ABF22185,24,253,1194,0,99.75%,100%
ABF22112,24,253,1194,0,99.75%,100%
ABF22039,24,253,1194,0,99.83%,100%
ABF21966,24,253,1194,0,99.58%,100%
ABF21893,24,253,1194,0,99.66%,100%
ABF21820,24,253,1194,0,99.66%,100%
ABF21747,24,253,1194,0,99.75%,100%
ABF21674,24,253,1194,0,99.75%,100%
ABF21601,24,253,1194,0,99.75%,100%
ABF21528,24,253,1194,0,99.75%,100%
ABE03046,24,253,1194,0,99.83%,100%
AAT07786,24,253,1194,0,99.75%,100%
AAT07710,24,253,1194,0,99.75%,100%
ABW06913,24,253,1194,0,99.75%,100%
BAB41075,24,253,1194,0,99.92%,100%
BAB41074,24,253,1194,0,99.92%,100%
BAB41073,24,253,1194,0,99.92%,100%
BAB41072,24,253,1194,0,100.00%,100%
CAI44871,24,253,1194,0,99.75%,100%
CAA27911,24,253,1194,0,99.75%,100%
ASW27076,25,1,1194,ASW27076,100,100%
YP_009230161,26,2,1190,YP_009230161,100,100%
AFR32472,26,2,1190,0,100.00%,100%
NP_066862,27,4,1190,NP_066862,100,100%
BAB16540,27,4,1190,0,100.00%,100%
BAA82926,27,4,1190,0,100.00%,100%
BAA78719,27,4,1190,0,100.00%,100%
AQX83341,28,5,1179,AQX83341,100,100%
YP_009252254,28,5,1179,0,100.00%,100%
ALL26060,28,5,1179,0,100.00%,100%
ALL25984,28,5,1179,0,99.92%,100%
ALL25904,28,5,1179,0,99.92%,100%
Q85428,29,3,1173,Q85428,100,100%
NP_064160,29,3,1173,0,100.00%,100%
AAF99153,29,3,1173,0,100.00%,100%
NP_077443,30,2,1172,NP_077443,100,100%
AAG27201,30,2,1172,0,100.00%,100%
Q9YUS3,31,7,1171,Q9YUS3,100,100%
Q9YUS2,31,7,1171,0,99.83%,100%
NP_116408,31,7,1171,0,99.83%,100%
AAD08667,31,7,1171,0,99.83%,100%
AAD08666,31,7,1171,0,100.00%,100%
AAD42936,31,7,1171,0,99.83%,100%
AAK57103,31,7,1171,0,99.83%,100%
AHA93360,32,12,1151,AHA93360,100,100%
AAU84534,32,12,1151,0,98.00%,100%
AAF63493,32,12,1097,0,98.54%,95%
YP_009207091,32,12,1091,0,97.34%,94%
AAC26681,32,12,1091,0,97.34%,94%
AAU81566,32,12,673,0,97.77%,58%
AAU81565,32,12,673,0,99.85%,58%
AAU81564,32,12,673,0,97.77%,58%
AAU81563,32,12,673,0,97.77%,58%
AAU81562,32,12,673,0,96.58%,58%
AAU81561,32,12,673,0,97.77%,58%
AAU81560,32,12,673,0,97.77%,58%
YP_009176907,33,6,1132,YP_009176907,100,100%
AKI81754,33,6,1132,0,99.91%,100%
AKI81651,33,6,1132,0,99.91%,100%
AIU39375,33,6,1132,0,99.91%,100%
AIU39265,33,6,1132,0,100.00%,100%
AKV40702,33,6,1132,0,100.00%,100%
Q69025,34,6,1117,Q69025,100,100%
CDI95399,34,6,1117,0,99.02%,100%
YP_007417829,34,6,1117,0,100.00%,100%
AGE11533,34,6,1117,0,100.00%,100%
BAJ78522,34,6,1117,0,100.00%,100%
2116347B,34,6,1094,0,99.54%,97%
CCE57390,35,31,1098,CCE57390,100,100%
ACE95404,35,31,1098,0,99.91%,100%
P27172,35,31,1097,0,99.09%,99%
AQQ81338,35,31,1097,0,99.91%,99%
CCE57225,35,31,1097,0,97.72%,99%
CCE57061,35,31,1097,0,99.82%,99%
CCE56896,35,31,1097,0,99.82%,99%
CCE56732,35,31,1097,0,99.91%,99%
AAA45940,35,31,1097,0,99.09%,99%
AAS47481,35,31,1097,0,99.45%,99%
AAS47480,35,31,1097,0,99.73%,99%
AAS47478,35,31,1097,0,99.82%,99%
AAS47472,35,31,1097,0,99.82%,99%
AAS47471,35,31,1097,0,99.73%,99%
AAS47470,35,31,1097,0,99.54%,99%
AAS47469,35,31,1097,0,99.54%,99%
AAS47468,35,31,1097,0,99.82%,99%
AAS47467,35,31,1097,0,99.82%,99%
AAS47466,35,31,1097,0,99.82%,99%
CAP08103,35,31,1097,0,99.82%,99%
CAJ86578,35,31,1097,0,99.73%,99%
CCE56566,35,31,1096,0,99.91%,99%
ACE95568,35,31,1096,0,99.82%,99%
AAS47485,35,31,1094,0,97.71%,99%
AAS47484,35,31,1094,0,97.81%,99%
AAS47483,35,31,1094,0,97.35%,99%
AAS47482,35,31,1094,0,97.44%,99%
AAS47479,35,31,1094,0,98.17%,99%
AAS47477,35,31,1094,0,97.71%,99%
AAS47476,35,31,1094,0,97.71%,99%
ACE95241,35,31,1094,0,99.18%,99%
ATG31676,36,45,1092,ATG31676,100,100%
ATG31598,36,45,1092,0,99.82%,100%
ATG31520,36,45,1092,0,100.00%,100%
ATG31442,36,45,1092,0,99.73%,100%
ATG31364,36,45,1092,0,99.82%,100%
ATD84527,36,45,1092,0,99.82%,100%
ATD84448,36,45,1092,0,99.73%,100%
ATD84369,36,45,1092,0,99.82%,100%
ATD84290,36,45,1092,0,99.82%,100%
ATD84211,36,45,1092,0,99.82%,100%
ATD84132,36,45,1092,0,99.82%,100%
ASR80948,36,45,1092,0,99.82%,100%
ANB43610,36,45,1092,0,100.00%,100%
ANF04481,36,45,1092,0,99.82%,100%
ANN24964,36,45,1092,0,99.82%,100%
ANN24922,36,45,1092,0,99.82%,100%
AJR27814,36,45,1092,0,100.00%,100%
AJR27735,36,45,1092,0,100.00%,100%
AJR27656,36,45,1092,0,100.00%,100%
AJR27577,36,45,1092,0,100.00%,100%
AJR27498,36,45,1092,0,100.00%,100%
AER28134,36,45,1092,0,99.82%,100%
AER28055,36,45,1092,0,99.82%,100%
AGN48339,36,45,1092,0,99.91%,100%
AGN48259,36,45,1092,0,99.73%,100%
AGN48181,36,45,1092,0,99.63%,100%
AFM36628,36,45,1092,0,100.00%,100%
AFM36549,36,45,1092,0,100.00%,100%
AFM36470,36,45,1092,0,99.82%,100%
AFM36392,36,45,1092,0,99.82%,100%
AFM36314,36,45,1092,0,100.00%,100%
AFM36235,36,45,1092,0,99.82%,100%
AGC23140,36,45,1092,0,99.82%,100%
AGC23061,36,45,1092,0,99.82%,100%
AFN02011,36,45,1092,0,99.82%,100%
AFN01932,36,45,1092,0,99.91%,100%
AEW67853,36,45,1092,0,100.00%,100%
AEW67774,36,45,1092,0,100.00%,100%
AFD36729,36,45,1092,0,100.00%,100%
AFD36650,36,45,1092,0,99.82%,100%
AFD36571,36,45,1092,0,99.82%,100%
AFD36492,36,45,1092,0,99.36%,100%
AEB97322,36,45,1092,0,100.00%,100%
AAD56202,36,45,1007,0,94.24%,92%
YP_182359,36,45,1007,0,94.24%,92%
YP_009179299,37,3,1084,YP_009179299,100,100%
ALM25982,37,3,1084,0,100.00%,100%
ASV70521,37,3,583,0,99.31%,53%
Q6UDK1,38,3,1081,Q6UDK1,100,100%
NP_944403,38,3,1081,0,100.00%,100%
AAQ73709,38,3,1081,0,100.00%,100%
AFK83885,39,2,1081,AFK83885,100,100%
BAI22795,39,2,988,0,94.33%,91%
AJD79498,40,33,1049,AJD79498,100,100%
SOF05929,40,33,1048,0,99.24%,99%
ARJ55446,40,33,1048,0,100.00%,99%
ANA11290,40,33,1048,0,99.90%,99%
APT68431,40,33,1048,0,99.81%,99%
AFI70933,40,33,1048,0,99.33%,99%
AFI70864,40,33,1048,0,99.33%,99%
ANZ03044,40,33,1048,0,99.90%,99%
ANR01130,40,33,1048,0,100.00%,99%
AMR55915,40,33,1048,0,99.14%,99%
ANF34848,40,33,1048,0,99.14%,99%
AMO42734,40,33,1048,0,100.00%,99%
ALT14236,40,33,1048,0,100.00%,99%
AKG94047,40,33,1048,0,100.00%,99%
AKG93981,40,33,1048,0,100.00%,99%
ALO75750,40,33,1048,0,99.14%,99%
ALO75681,40,33,1048,0,99.14%,99%
AKG94113,40,33,1048,0,100.00%,99%
AML81196,40,33,1048,0,100.00%,99%
AML81127,40,33,1048,0,100.00%,99%
AKE31908,40,33,1048,0,99.62%,99%
AKP23827,40,33,1048,0,100.00%,99%
AJW72249,40,33,1048,0,99.90%,99%
AIT55755,40,33,1048,0,100.00%,99%
AID18731,40,33,1048,0,99.33%,99%
AGW01106,40,33,1048,0,100.00%,99%
YP_068333,40,33,1048,0,99.24%,99%
AEM64080,40,33,1048,0,99.33%,99%
AEM64011,40,33,1048,0,99.33%,99%
AEM63946,40,33,1048,0,99.33%,99%
AFI70795,40,33,1048,0,99.33%,99%
AAA74383,40,33,1048,0,99.24%,99%
DAA02153,40,33,1048,0,99.24%,99%
AGG16071,41,38,1047,AGG16071,100,100%
YP_007969814,41,38,1047,0,99.71%,100%
AGE10031,41,38,1047,0,99.71%,100%
AEM72550,41,38,1047,0,99.62%,100%
AEM72546,41,38,1047,0,99.24%,100%
AEM72544,41,38,1047,0,99.33%,100%
AEM72538,41,38,1047,0,100.00%,100%
AEM72536,41,38,1047,0,99.24%,100%
AEM72534,41,38,1047,0,99.81%,100%
AEM72532,41,38,1047,0,99.33%,100%
ADK70825,41,38,1047,0,99.04%,100%
ADK70786,41,38,1047,0,99.71%,100%
Q9DKT8,41,38,1041,0,96.64%,99%
AGE09922,41,38,1041,0,96.45%,99%
ADK70892,41,38,1041,0,96.45%,99%
AAG41999,41,38,1041,0,96.64%,99%
AEM72566,41,38,947,0,99.16%,90%
AEM72552,41,38,946,0,99.15%,90%
AEM72548,41,38,946,0,99.15%,90%
AEM72540,41,38,943,0,98.94%,90%
AEM72554,41,38,938,0,96.16%,89%
ALL27040,41,38,787,0,99.11%,75%
APG41593,41,38,785,0,99.11%,74%
ALX35638,41,38,785,0,99.87%,74%
AEM72574,41,38,785,0,99.49%,74%
AEM72568,41,38,783,0,99.62%,74%
AEM72576,41,38,782,0,99.49%,74%
AEM72570,41,38,782,0,99.74%,74%
AEM72564,41,38,781,0,99.36%,74%
AEM72561,41,38,779,0,99.10%,74%
AEM72559,41,38,779,0,98.97%,74%
AIH00839,41,38,776,0,95.49%,74%
AEM72572,41,38,775,0,95.61%,74%
AEM72530,41,38,774,0,98.84%,73%
AEM72526,41,38,774,0,99.10%,73%
ADK70862,41,38,768,0,95.70%,73%
AEM72542,41,38,502,0,99.60%,47%
AEM72528,41,38,500,0,99.40%,47%
AKE44231,42,7,1044,AKE44231,100,100%
YP_007016461,42,7,1040,0,100.00%,99%
AFX83378,42,7,1040,0,100.00%,99%
AKB93258,42,7,1040,0,99.52%,99%
ADB44898,42,7,1040,0,100.00%,99%
ABO40787,42,7,763,0,91.09%,73%
AAW57296,42,7,758,0,100.00%,72%
YP_009137478,43,3,1040,YP_009137478,100,100%
AKG51610,43,3,1040,0,100.00%,100%
AAM89282,43,3,759,0,94.20%,72%
YP_004936030,44,4,1037,YP_004936030,100,100%
AEV80601,44,4,1037,0,99.32%,100%
AEV80365,44,4,1037,0,100.00%,100%
AEW46232,44,4,1037,0,98.17%,100%
YP_004940081,45,2,1037,YP_004940081,100,100%
AEV80760,45,2,1037,0,100.00%,100%
O71121,46,17,1035,O71121,100,100%
APT39802,46,17,1035,0,98.94%,100%
YP_009337504,46,17,1035,0,98.94%,100%
APT40327,46,17,1035,0,99.81%,100%
APT40152,46,17,1035,0,99.71%,100%
APT39977,46,17,1035,0,99.71%,100%
APT39629,46,17,1035,0,98.94%,100%
APT39456,46,17,1035,0,98.94%,100%
APT39343,46,17,1035,0,98.84%,100%
AAC05256,46,17,1035,0,100.00%,100%
AKT72642,46,17,1035,0,98.94%,100%
AFL03576,46,17,1035,0,100.00%,100%
YP_068180,46,17,1035,0,100.00%,100%
AEQ32165,46,17,1035,0,99.03%,100%
AAZ80589,46,17,1035,0,99.71%,100%
AAP50613,46,17,1035,0,100.00%,100%
AAW55912,46,17,753,0,99.20%,72%
YP_009052018,47,5,1033,YP_009052018,100,100%
AHC02839,47,5,1033,0,100.00%,100%
AEW50109,47,5,820,0,99.88%,79%
AEW50122,47,5,818,0,99.88%,79%
AGK82352,47,5,760,0,98.68%,73%
AFK85012,48,1,1030,AFK85012,100,100%
NP_044849,49,8,1027,NP_044849,100,100%
AAF19277,49,8,1027,0,100.00%,100%
AAK16702,49,8,1027,0,100.00%,100%
AAB66388,49,8,1027,0,100.00%,100%
ABO48392,49,8,1026,0,95.61%,99%
ACY41087,49,8,1026,0,95.42%,99%
ABN49965,49,8,757,0,94.72%,73%
ABH08756,49,8,742,0,95.55%,72%
O36363,50,8,1026,O36363,100,100%
NP_065512,50,8,1026,0,100.00%,100%
AAC58060,50,8,1026,0,100.00%,100%
ATI21900,50,8,999,0,99.80%,97%
APB09510,50,8,999,0,100.00%,97%
APB09438,50,8,999,0,100.00%,97%
YP_009044396,50,8,999,0,90.49%,97%
AIA62050,50,8,999,0,90.49%,97%
YP_004940227,51,2,1024,YP_004940227,100,100%
AEV80915,51,2,1024,0,100.00%,100%
AEW46233,52,1,1024,AEW46233,100,100%
YP_004207849,53,3,1019,YP_004207849,100,100%
ADW24436,53,3,1019,0,100.00%,100%
ADW24354,53,3,1019,0,100.00%,100%
YP_009118399,54,4,1017,YP_009118399,100,100%
AIU39536,54,4,1017,0,100.00%,100%
ACY71882,54,4,814,0,98.89%,80%
ACY71883,54,4,642,0,99.07%,63%
NP_733857,55,3,1016,NP_733857,100,100%
AAK38212,55,3,1016,0,100.00%,100%
ADY05322,55,3,748,0,98.40%,73%
Q1HVC1,56,172,1015,Q1HVC1,100,100%
P03198,56,172,1015,0,99.90%,100%
Q3KSP1,56,172,1015,0,99.90%,100%
ASU89873,56,172,1015,0,99.80%,100%
ASU89798,56,172,1015,0,99.80%,100%
ASU89722,56,172,1015,0,99.90%,100%
ASU89648,56,172,1015,0,99.90%,100%
CEQ33812,56,172,1015,0,99.80%,100%
BAX36886,56,172,1015,0,99.90%,100%
BAX36839,56,172,1015,0,99.80%,100%
BAX36791,56,172,1015,0,99.90%,100%
BAX36745,56,172,1015,0,99.80%,100%
BAX36698,56,172,1015,0,99.90%,100%
BAX36652,56,172,1015,0,99.90%,100%
BAX36604,56,172,1015,0,99.90%,100%
ANQ44996,56,172,1015,0,99.80%,100%
ANQ44927,56,172,1015,0,99.80%,100%
ANQ44858,56,172,1015,0,99.90%,100%
ANQ44789,56,172,1015,0,99.90%,100%
BAV60103,56,172,1015,0,99.90%,100%
ANI26401,56,172,1015,0,99.41%,100%
ANI26320,56,172,1015,0,99.90%,100%
ANI26244,56,172,1015,0,99.80%,100%
ANI26163,56,172,1015,0,100.00%,100%
ALV83279,56,172,1015,0,100.00%,100%
ALV83209,56,172,1015,0,99.70%,100%
ALV83139,56,172,1015,0,100.00%,100%
ALV83072,56,172,1015,0,99.70%,100%
ALV83003,56,172,1015,0,99.90%,100%
ALV82935,56,172,1015,0,100.00%,100%
ALV82865,56,172,1015,0,100.00%,100%
ALV82798,56,172,1015,0,99.90%,100%
ALS46746,56,172,1015,0,100.00%,100%
BAU51602,56,172,1015,0,99.80%,100%
BAU51519,56,172,1015,0,99.80%,100%
BAP94447,56,172,1015,0,99.70%,100%
BAP94382,56,172,1015,0,99.90%,100%
AKA28864,56,172,1015,0,99.70%,100%
AKA28792,56,172,1015,0,99.70%,100%
AKA28718,56,172,1015,0,99.70%,100%
AKA28645,56,172,1015,0,99.70%,100%
AKA28571,56,172,1015,0,100.00%,100%
AKA28500,56,172,1015,0,99.61%,100%
AKA28432,56,172,1015,0,99.80%,100%
AKA28359,56,172,1015,0,99.61%,100%
AKE13321,56,172,1015,0,99.80%,100%
ALQ28741,56,172,1015,0,99.80%,100%
ALQ28666,56,172,1015,0,99.70%,100%
ALQ28561,56,172,1015,0,99.90%,100%
ALQ28484,56,172,1015,0,99.80%,100%
ALQ28407,56,172,1015,0,99.80%,100%
ALQ28334,56,172,1015,0,99.70%,100%
CEQ36686,56,172,1015,0,100.00%,100%
ALF03278,56,172,1015,0,94.98%,100%
CGH12645,56,172,1015,0,100.00%,100%
CEQ43500,56,172,1015,0,99.90%,100%
CEQ43417,56,172,1015,0,99.90%,100%
CEQ43333,56,172,1015,0,99.90%,100%
CEQ38257,56,172,1015,0,99.90%,100%
CEQ38174,56,172,1015,0,99.80%,100%
CEQ38091,56,172,1015,0,99.80%,100%
CEQ38009,56,172,1015,0,99.80%,100%
CEQ37927,56,172,1015,0,99.90%,100%
CEQ37844,56,172,1015,0,99.80%,100%
CEQ37761,56,172,1015,0,99.70%,100%
CEQ37678,56,172,1015,0,100.00%,100%
CEQ37595,56,172,1015,0,100.00%,100%
CEQ37513,56,172,1015,0,99.90%,100%
CEQ37430,56,172,1015,0,100.00%,100%
CEQ37347,56,172,1015,0,100.00%,100%
CEQ37264,56,172,1015,0,99.80%,100%
CEQ37181,56,172,1015,0,99.80%,100%
CEQ37099,56,172,1015,0,99.90%,100%
CEQ37016,56,172,1015,0,99.80%,100%
CEQ36934,56,172,1015,0,99.70%,100%
CEQ36851,56,172,1015,0,99.90%,100%
CEQ36769,56,172,1015,0,99.80%,100%
CEQ36603,56,172,1015,0,99.90%,100%
CEQ36521,56,172,1015,0,99.90%,100%
CEQ36439,56,172,1015,0,99.90%,100%
CEQ36357,56,172,1015,0,99.80%,100%
CEQ36274,56,172,1015,0,99.90%,100%
CEQ36191,56,172,1015,0,99.90%,100%
CEQ36108,56,172,1015,0,99.90%,100%
CEQ36025,56,172,1015,0,100.00%,100%
CEQ35942,56,172,1015,0,99.80%,100%
CEQ35860,56,172,1015,0,99.80%,100%
CEQ35777,56,172,1015,0,99.80%,100%
CEQ35694,56,172,1015,0,99.90%,100%
CEQ35528,56,172,1015,0,99.90%,100%
CEQ35445,56,172,1015,0,100.00%,100%
CEQ35374,56,172,1015,0,99.70%,100%
CEQ35293,56,172,1015,0,99.70%,100%
CEQ35210,56,172,1015,0,99.80%,100%
CEQ35127,56,172,1015,0,100.00%,100%
CEQ35044,56,172,1015,0,99.90%,100%
CEQ34963,56,172,1015,0,99.90%,100%
CEQ34880,56,172,1015,0,99.90%,100%
CEQ34799,56,172,1015,0,99.80%,100%
CEQ34718,56,172,1015,0,99.90%,100%
CEQ34638,56,172,1015,0,99.80%,100%
CEQ34555,56,172,1015,0,99.80%,100%
CEQ34472,56,172,1015,0,99.90%,100%
CEQ34390,56,172,1015,0,99.80%,100%
CEQ34308,56,172,1015,0,99.90%,100%
CEQ34225,56,172,1015,0,99.80%,100%
CEQ34142,56,172,1015,0,99.90%,100%
CEQ34059,56,172,1015,0,99.90%,100%
CEQ33976,56,172,1015,0,100.00%,100%
CEQ33894,56,172,1015,0,99.90%,100%
CEQ33730,56,172,1015,0,99.90%,100%
CEQ33647,56,172,1015,0,99.80%,100%
CEQ33565,56,172,1015,0,99.90%,100%
CEQ33485,56,172,1015,0,99.80%,100%
CEQ33402,56,172,1015,0,99.80%,100%
CEQ33321,56,172,1015,0,99.90%,100%
CEQ33140,56,172,1015,0,99.90%,100%
CEQ33057,56,172,1015,0,100.00%,100%
CEQ32974,56,172,1015,0,99.90%,100%
CEQ32892,56,172,1015,0,99.80%,100%
CEQ32809,56,172,1015,0,100.00%,100%
CEQ32727,56,172,1015,0,99.70%,100%
CEQ32645,56,172,1015,0,99.70%,100%
CEQ32564,56,172,1015,0,99.80%,100%
CEQ32481,56,172,1015,0,100.00%,100%
CEQ32400,56,172,1015,0,99.80%,100%
CEP79231,56,172,1015,0,99.61%,100%
BAQ20347,56,172,1015,0,99.90%,100%
BAQ20086,56,172,1015,0,99.41%,100%
BAQ20045,56,172,1015,0,99.70%,100%
AIM62246,56,172,1015,0,99.70%,100%
AIE89028,56,172,1015,0,99.90%,100%
AIE88952,56,172,1015,0,99.90%,100%
AIE88874,56,172,1015,0,99.90%,100%
AIE88797,56,172,1015,0,99.90%,100%
AIE88721,56,172,1015,0,99.90%,100%
AIE88645,56,172,1015,0,99.90%,100%
AIE88569,56,172,1015,0,99.90%,100%
AIE88492,56,172,1015,0,99.90%,100%
AIE89105,56,172,1015,0,99.90%,100%
AFJ06900,56,172,1015,0,99.90%,100%
AGZ95224,56,172,1015,0,99.90%,100%
AHA36481,56,172,1015,0,99.90%,100%
YP_401712,56,172,1015,0,99.90%,100%
AGL80693,56,172,1015,0,99.90%,100%
AFY97980,56,172,1015,0,99.90%,100%
AFY97899,56,172,1015,0,100.00%,100%
YP_001129507,56,172,1015,0,100.00%,100%
YP_068007,56,172,1015,0,94.88%,100%
ABB89286,56,172,1015,0,100.00%,100%
AAY41154,56,172,1015,0,99.90%,100%
AAK95475,56,172,1015,0,94.88%,100%
CAD53462,56,172,1015,0,99.90%,100%
CAA24805,56,172,1015,0,99.90%,100%
ADY05316,56,172,752,0,95.21%,74%
ADY05325,56,172,751,0,93.48%,73%
ADY05324,56,172,751,0,95.07%,73%
ADY05318,56,172,751,0,93.74%,73%
ADY05317,56,172,751,0,93.48%,73%
ADY05315,56,172,751,0,94.94%,73%
ADY05314,56,172,751,0,91.61%,73%
ADY05313,56,172,751,0,95.21%,73%
ADY05312,56,172,751,0,95.34%,73%
AAP41946,56,172,751,0,93.87%,73%
AAQ10665,56,172,751,0,95.47%,73%
AAQ10659,56,172,751,0,94.14%,73%
AAW55917,56,172,751,0,95.21%,73%
ABV03812,56,172,751,0,95.07%,73%
AAQ10669,56,172,751,0,95.21%,73%
ACY75561,56,172,751,0,95.07%,73%
ACY75559,56,172,750,0,95.20%,73%
ACY75557,56,172,698,0,94.27%,68%
AAC58687,57,10,1014,AAC58687,100,100%
NP_570750,57,10,1014,0,100.00%,100%
AAF59986,57,10,1014,0,100.00%,100%
AAD21336,57,10,1014,0,100.00%,100%
AJE29648,57,10,1013,0,93.68%,99%
AEW87709,57,10,1012,0,97.53%,99%
AEW87539,57,10,1012,0,97.53%,99%
AAS99991,57,10,1012,0,97.53%,99%
AAF81664,57,10,862,0,94.90%,85%
ABU52895,57,10,749,0,96.40%,73%
AFK85010,58,1,1014,AFK85010,100,100%
AAC57976,59,2,1013,AAC57976,100,100%
AAN35122,59,2,748,0,96.66%,73%
AAF81662,60,2,1013,AAF81662,100,100%
AGY30688,60,2,1013,0,99.70%,100%
YP_073778,61,19,1013,YP_073778,100,100%
AIN81107,61,19,1013,0,90.13%,100%
AIN81106,61,19,1013,0,90.72%,100%
AIN81105,61,19,1013,0,90.72%,100%
AIN81104,61,19,1013,0,90.72%,100%
AIN81103,61,19,1013,0,90.62%,100%
AIN81102,61,19,1013,0,90.72%,100%
AIN81101,61,19,1013,0,90.72%,100%
AIN81100,61,19,1013,0,90.62%,100%
AIN81099,61,19,1013,0,90.72%,100%
AIN81094,61,19,1013,0,90.13%,100%
AIN81092,61,19,1013,0,90.13%,100%
AIN81090,61,19,1013,0,90.72%,100%
AIN81087,61,19,1013,0,90.62%,100%
AGV28662,61,19,1013,0,99.80%,100%
AAC40752,61,19,1013,0,100.00%,100%
P52342,61,19,1012,0,99.41%,99%
AAC54700,61,19,1012,0,99.41%,99%
AIN81110,61,19,432,0,90.05%,42%
Q2HRD0,62,32,1012,Q2HRD0,100,100%
BBA91110,62,32,1012,0,100.00%,100%
BBA91022,62,32,1012,0,100.00%,100%
BBA90934,62,32,1012,0,99.90%,100%
BBA90847,62,32,1012,0,100.00%,100%
BAV17853,62,32,1012,0,100.00%,100%
AAC57974,62,32,1012,0,99.70%,100%
AAB62593,62,32,1012,0,99.80%,100%
ALH45470,62,32,1012,0,99.11%,100%
ALH45384,62,32,1012,0,99.01%,100%
ALH45296,62,32,1012,0,100.00%,100%
ALH45208,62,32,1012,0,99.90%,100%
ALH45120,62,32,1012,0,100.00%,100%
ALH45034,62,32,1012,0,99.80%,100%
ALH44946,62,32,1012,0,99.80%,100%
ALH44858,62,32,1012,0,99.90%,100%
ALH44770,62,32,1012,0,99.01%,100%
ALH44682,62,32,1012,0,99.90%,100%
ALH44594,62,32,1012,0,99.70%,100%
ALH44507,62,32,1012,0,99.90%,100%
ALH44419,62,32,1012,0,99.90%,100%
ALH44331,62,32,1012,0,99.70%,100%
ALH44243,62,32,1012,0,99.41%,100%
ALH44157,62,32,1012,0,99.21%,100%
ACY00400,62,32,1012,0,99.90%,100%
AKE33038,62,32,1012,0,99.90%,100%
AFU08340,62,32,1012,0,99.90%,100%
AFQ99132,62,32,1012,0,99.90%,100%
YP_001129355,62,32,1012,0,100.00%,100%
ADQ57883,62,32,1012,0,99.90%,100%
AAC57086,62,32,1012,0,99.70%,100%
ABD28853,62,32,1012,0,100.00%,100%
Q9QJ32,63,172,1012,Q9QJ32,100,100%
P28857,63,172,1012,0,97.92%,100%
APO38337,63,172,1012,0,100.00%,100%
APO39176,63,172,1012,0,98.02%,100%
APO39096,63,172,1012,0,97.92%,100%
APO39016,63,172,1012,0,97.92%,100%
APO38933,63,172,1012,0,100.00%,100%
APO38847,63,172,1012,0,100.00%,100%
APO38761,63,172,1012,0,100.00%,100%
APO38679,63,172,1012,0,100.00%,100%
APO38593,63,172,1012,0,97.73%,100%
APO38507,63,172,1012,0,97.92%,100%
APO38422,63,172,1012,0,97.83%,100%
APO38252,63,172,1012,0,100.00%,100%
APO38166,63,172,1012,0,100.00%,100%
APO38080,63,172,1012,0,100.00%,100%
APO37994,63,172,1012,0,100.00%,100%
APO37908,63,172,1012,0,100.00%,100%
APO37822,63,172,1012,0,99.90%,100%
APO37736,63,172,1012,0,100.00%,100%
APO37650,63,172,1012,0,100.00%,100%
APO37564,63,172,1012,0,100.00%,100%
APO37478,63,172,1012,0,100.00%,100%
APO37392,63,172,1012,0,99.90%,100%
APO37306,63,172,1012,0,99.90%,100%
APO37220,63,172,1012,0,100.00%,100%
APO37133,63,172,1012,0,100.00%,100%
APO37049,63,172,1012,0,99.90%,100%
APO36963,63,172,1012,0,99.90%,100%
ARN62161,63,172,1012,0,99.90%,100%
ARM65267,63,172,1012,0,100.00%,100%
ARM65150,63,172,1012,0,97.83%,100%
ARM65026,63,172,1012,0,99.90%,100%
ARM64911,63,172,1012,0,99.80%,100%
ARM64809,63,172,1012,0,100.00%,100%
ARM64699,63,172,1012,0,98.72%,100%
ARM64588,63,172,1012,0,99.90%,100%
ARM64476,63,172,1012,0,100.00%,100%
ARM64373,63,172,1012,0,100.00%,100%
ARM64255,63,172,1012,0,100.00%,100%
ARM64133,63,172,1012,0,100.00%,100%
ARM63910,63,172,1012,0,99.80%,100%
ARM63804,63,172,1012,0,99.80%,100%
ARM63692,63,172,1012,0,100.00%,100%
ARM63583,63,172,1012,0,100.00%,100%
ARM63476,63,172,1012,0,100.00%,100%
ARM63361,63,172,1012,0,99.90%,100%
ARM63253,63,172,1012,0,100.00%,100%
ARM63148,63,172,1012,0,100.00%,100%
ARM62928,63,172,1012,0,100.00%,100%
ARM62804,63,172,1012,0,100.00%,100%
ARM62693,63,172,1012,0,99.90%,100%
ARM62587,63,172,1012,0,99.60%,100%
ARM62483,63,172,1012,0,100.00%,100%
ARM62376,63,172,1012,0,100.00%,100%
ARM62272,63,172,1012,0,99.90%,100%
ARM62154,63,172,1012,0,100.00%,100%
ARM62033,63,172,1012,0,100.00%,100%
ARM61911,63,172,1012,0,100.00%,100%
ARM61794,63,172,1012,0,99.70%,100%
ARM61691,63,172,1012,0,100.00%,100%
ARM61574,63,172,1012,0,99.80%,100%
ARM61461,63,172,1012,0,100.00%,100%
ARM61351,63,172,1012,0,99.51%,100%
ARM61232,63,172,1012,0,97.92%,100%
ARM61116,63,172,1012,0,100.00%,100%
ARM60997,63,172,1012,0,97.92%,100%
ARM60885,63,172,1012,0,99.70%,100%
ARM60763,63,172,1012,0,100.00%,100%
ARM60641,63,172,1012,0,100.00%,100%
ARM60518,63,172,1012,0,99.80%,100%
ARM60394,63,172,1012,0,100.00%,100%
ARM60272,63,172,1012,0,99.90%,100%
ARM60153,63,172,1012,0,100.00%,100%
ARM60028,63,172,1012,0,100.00%,100%
ARM59906,63,172,1012,0,99.90%,100%
ARM59793,63,172,1012,0,100.00%,100%
ARM59672,63,172,1012,0,100.00%,100%
ARM59551,63,172,1012,0,99.90%,100%
ARM10169,63,172,1012,0,97.92%,100%
ARM10057,63,172,1012,0,100.00%,100%
ARM09934,63,172,1012,0,100.00%,100%
ARM09815,63,172,1012,0,98.02%,100%
ARM09696,63,172,1012,0,100.00%,100%
ARM09573,63,172,1012,0,100.00%,100%
ARM09456,63,172,1012,0,97.92%,100%
ARM09346,63,172,1012,0,100.00%,100%
ARM09224,63,172,1012,0,100.00%,100%
ARM09097,63,172,1012,0,98.02%,100%
ARM08978,63,172,1012,0,100.00%,100%
ARM08853,63,172,1012,0,99.90%,100%
ARM08730,63,172,1012,0,99.90%,100%
ARM08607,63,172,1012,0,97.92%,100%
ARM08493,63,172,1012,0,99.51%,100%
ARM08370,63,172,1012,0,100.00%,100%
ARM08247,63,172,1012,0,99.90%,100%
ARM08124,63,172,1012,0,100.00%,100%
ARM08003,63,172,1012,0,98.02%,100%
ARM07883,63,172,1012,0,100.00%,100%
ARM07760,63,172,1012,0,100.00%,100%
ARM07638,63,172,1012,0,99.90%,100%
ARM07513,63,172,1012,0,100.00%,100%
ARM07388,63,172,1012,0,100.00%,100%
ARM07132,63,172,1012,0,99.90%,100%
ARM07012,63,172,1012,0,98.02%,100%
ARM06896,63,172,1012,0,100.00%,100%
ARM06773,63,172,1012,0,100.00%,100%
ARM06651,63,172,1012,0,100.00%,100%
ARM06384,63,172,1012,0,99.90%,100%
ARM06270,63,172,1012,0,100.00%,100%
ARM06146,63,172,1012,0,99.90%,100%
ARM06026,63,172,1012,0,99.90%,100%
ARM05913,63,172,1012,0,99.90%,100%
ARM05803,63,172,1012,0,100.00%,100%
ARM05678,63,172,1012,0,100.00%,100%
ARK07097,63,172,1012,0,100.00%,100%
ARK03281,63,172,1012,0,99.90%,100%
ARK03158,63,172,1012,0,100.00%,100%
ARK03035,63,172,1012,0,100.00%,100%
ARK02912,63,172,1012,0,100.00%,100%
ARK02787,63,172,1012,0,99.90%,100%
ARK02664,63,172,1012,0,100.00%,100%
ARK02541,63,172,1012,0,99.90%,100%
ARK02422,63,172,1012,0,99.90%,100%
ARK02308,63,172,1012,0,100.00%,100%
ARK02200,63,172,1012,0,99.90%,100%
ARK02084,63,172,1012,0,100.00%,100%
ARK01959,63,172,1012,0,100.00%,100%
ARK01832,63,172,1012,0,100.00%,100%
ARK01710,63,172,1012,0,100.00%,100%
ARK01588,63,172,1012,0,100.00%,100%
ARK01464,63,172,1012,0,100.00%,100%
ARK01339,63,172,1012,0,99.90%,100%
ARK01220,63,172,1012,0,97.92%,100%
ARK01109,63,172,1012,0,99.90%,100%
ARK00985,63,172,1012,0,99.90%,100%
ARK00864,63,172,1012,0,99.90%,100%
ARK00749,63,172,1012,0,100.00%,100%
ARK00634,63,172,1012,0,99.80%,100%
ARK00526,63,172,1012,0,100.00%,100%
ARK00415,63,172,1012,0,100.00%,100%
ARK00299,63,172,1012,0,100.00%,100%
ARK00188,63,172,1012,0,100.00%,100%
ARK00068,63,172,1012,0,99.90%,100%
ARJ99952,63,172,1012,0,100.00%,100%
ARJ99839,63,172,1012,0,100.00%,100%
ARJ99728,63,172,1012,0,100.00%,100%
ARJ99616,63,172,1012,0,100.00%,100%
ARJ99507,63,172,1012,0,100.00%,100%
ARJ99399,63,172,1012,0,100.00%,100%
ARJ99286,63,172,1012,0,100.00%,100%
ARJ99167,63,172,1012,0,100.00%,100%
ARJ99056,63,172,1012,0,100.00%,100%
ARJ98946,63,172,1012,0,100.00%,100%
ARJ98837,63,172,1012,0,100.00%,100%
BAF93477,63,172,1012,0,99.70%,100%
BAF93476,63,172,1012,0,99.80%,100%
CAA58372,63,172,1012,0,97.92%,100%
AAA74631,63,172,1012,0,97.92%,100%
NP_042931,63,172,1012,0,97.92%,100%
AKZ18144,63,172,1012,0,97.92%,100%
AJA36251,63,172,1012,0,97.83%,100%
AIX09902,63,172,1012,0,97.83%,100%
AHK06967,63,172,1012,0,97.73%,100%
AGJ52018,63,172,1012,0,97.73%,100%
NP_050219,63,172,1012,0,100.00%,100%
AAD49652,63,172,1012,0,100.00%,100%
BAA78259,63,172,1012,0,99.80%,100%
T44185,63,172,1012,0,100.00%,100%
AAW55996,63,172,736,0,96.88%,72%
ARM64019,63,172,587,0,99.83%,58%
ARM63039,63,172,587,0,98.81%,58%
YP_009253942,64,2,1012,YP_009253942,100,100%
ANC96520,64,2,1012,0,100.00%,100%
YP_009388514,65,2,1011,YP_009388514,100,100%
ARW78076,65,2,1011,0,100.00%,100%
AIN81109,66,4,1011,AIN81109,100,100%
AIN81108,66,4,1011,0,100.00%,100%
AIN81097,66,4,1011,0,100.00%,100%
AIN81096,66,4,1011,0,100.00%,100%
P24907,67,6,1009,P24907,100,100%
NP_040211,67,6,1009,0,100.00%,100%
AAA46165,67,6,1009,0,100.00%,100%
CAA45632,67,6,1009,0,100.00%,100%
CAC84304,67,6,1009,0,97.82%,100%
DJBEM2,67,6,1009,0,100.00%,100%
NP_047983,68,2,1009,NP_047983,100,100%
AAC95533,68,2,1009,0,100.00%,100%
P52367,69,14,1008,P52367,100,100%
NP_042605,69,14,1008,0,100.00%,100%
ADZ99583,69,14,1008,0,99.70%,100%
ADZ99582,69,14,1008,0,99.70%,100%
ADZ99581,69,14,1008,0,99.90%,100%
ADZ99580,69,14,1008,0,99.70%,100%
ADZ99579,69,14,1008,0,99.70%,100%
ADZ99578,69,14,1008,0,99.80%,100%
ADZ99568,69,14,1008,0,99.11%,100%
ADZ99567,69,14,1008,0,99.31%,100%
ADZ99566,69,14,1008,0,100.00%,100%
AIU39456,69,14,1008,0,99.80%,100%
AAC13796,69,14,1008,0,100.00%,100%
ADZ99584,69,14,429,0,100.00%,42%
AFM85236,70,1,1008,AFM85236,100,100%
AAF80111,71,9,1007,AAF80111,100,100%
AAF80109,71,9,1007,0,99.60%,100%
AAF80108,71,9,1007,0,99.60%,100%
AAF80107,71,9,1007,0,99.50%,100%
YP_008492977,71,9,1007,0,99.70%,100%
AGT99232,71,9,1007,0,99.70%,100%
AEI71773,71,9,1007,0,99.30%,100%
AEI71770,71,9,1007,0,99.11%,100%
ADV78258,71,9,1007,0,98.91%,100%
YP_009344882,72,2,1005,YP_009344882,100,100%
APZ76266,72,2,1005,0,100.00%,100%
AIA82756,73,4,1005,AIA82756,100,100%
NP_076501,73,4,1005,0,99.20%,100%
AEL29753,73,4,1005,0,99.30%,100%
AAK07928,73,4,1005,0,99.20%,100%
AAK00812,74,2,1005,AAK00812,100,100%
AAP42118,74,2,742,0,99.87%,73%
AAF16520,75,4,1004,AAF16520,100,100%
AAF16522,75,4,1001,0,95.30%,99%
AAO12354,75,4,1001,0,95.30%,99%
AAO12282,75,4,1001,0,95.20%,99%
AAO12315,76,3,1001,AAO12315,100,100%
AAO12301,76,3,1001,0,100.00%,100%
AAO46909,76,3,1000,0,99.60%,99%
AMA67369,77,2,1000,AMA67369,100,100%
YP_009229846,77,2,1000,0,100.00%,100%
YP_009173887,78,5,999,YP_009173887,100,100%
ALE14722,78,5,999,0,100.00%,100%
AHH02043,78,5,732,0,100.00%,73%
ALB06099,78,5,731,0,93.71%,73%
AHH02045,78,5,731,0,95.49%,73%
YP_438136,79,3,998,YP_438136,100,100%
AAX58048,79,3,998,0,100.00%,100%
ABB22230,79,3,998,0,99.70%,100%
AJG42938,80,3,998,AJG42938,100,100%
AHA14644,80,3,998,0,100.00%,100%
ACV86607,80,3,436,0,98.17%,43%
AFM85234,81,1,998,AFM85234,100,100%
YP_009041990,82,2,997,YP_009041990,100,100%
AIB03166,82,2,997,0,100.00%,100%
AAM62282,83,2,996,AAM62282,100,100%
AAL55728,83,2,446,0,100.00%,44%
ABO40775,84,1,924,ABO40775,100,100%
ADY62519,85,1,907,ADY62519,100,100%
ABO40777,86,1,873,ABO40777,100,100%
ADK70918,87,2,837,ADK70918,100,100%
AFF59807,87,2,771,0,98.31%,92%
AEM72555,88,2,832,AEM72555,100,100%
AEM72562,88,2,781,0,99.36%,93%
SBO07717,89,1,824,SBO07717,100,100%
ADY05311,90,1,809,ADY05311,100,100%
ABO40779,91,1,809,ABO40779,100,100%
AAG13396,92,1,801,AAG13396,100,100%
AAS75147,93,1,790,AAS75147,100,100%
ABU52901,94,1,775,ABU52901,100,100%
ADE62355,95,1,772,ADE62355,100,100%
ABN49957,96,1,767,ABN49957,100,100%
ABH05841,97,1,766,ABH05841,100,100%
ABH05845,98,1,765,ABH05845,100,100%
ABH05847,99,1,764,ABH05847,100,100%
AAD30142,100,1,763,AAD30142,100,100%
ABO40783,101,1,763,ABO40783,100,100%
ABV03816,102,2,761,ABV03816,100,100%
AAM89280,102,2,761,0,99.47%,100%
ABN49966,103,1,756,ABN49966,100,100%
ABV03810,104,4,753,ABV03810,100,100%
ABU52897,104,4,753,0,100.00%,100%
AAL06318,104,4,389,0,98.20%,51%
AAL06317,104,4,389,0,98.71%,51%
ACX70157,105,1,753,ACX70157,100,100%
ADY05319,106,1,752,ADY05319,100,100%
AAO46905,107,1,752,AAO46905,100,100%
AAN35124,108,1,752,AAN35124,100,100%
AAW55992,109,2,752,AAW55992,100,100%
ABH08758,109,2,741,0,91.90%,98%
AAM89278,110,1,749,AAM89278,100,100%
AAW55994,111,1,749,AAW55994,100,100%
ADY80543,112,1,748,ADY80543,100,100%
ADY05323,113,1,748,ADY05323,100,100%
ADY05321,114,1,748,ADY05321,100,100%
AAM89279,115,1,747,AAM89279,100,100%
ADY05320,116,1,747,ADY05320,100,100%
BAH57334,117,1,747,BAH57334,100,100%
AAN35123,118,1,746,AAN35123,100,100%
ABU52899,119,1,745,ABU52899,100,100%
ABH08757,120,1,745,ABH08757,100,100%
AAO46907,121,1,743,AAO46907,100,100%
AAO46908,122,2,742,AAO46908,100,100%
gi|171988561|gb|AAO,122,2,742,0,100.00%,100%
ABI21852,123,1,742,ABI21852,100,100%
AKP92777,124,2,742,AKP92777,100,100%
ABI21850,124,2,739,0,98.51%,99%
AHH02047,125,1,740,AHH02047,100,100%
ABI21851,126,1,739,ABI21851,100,100%
BBA93955,127,2,737,BBA93955,100,100%
BBA93949,127,2,737,0,99.73%,100%
AEA39187,128,1,736,AEA39187,100,100%
AAP42117,129,1,735,AAP42117,100,100%
BBA93953,130,2,734,BBA93953,100,100%
BBA93951,130,2,734,0,99.86%,100%
AAP42119,131,1,732,AAP42119,100,100%
ALB06101,132,1,732,ALB06101,100,100%
ABO40780,133,1,712,ABO40780,100,100%
CAB61753,134,1,600,CAB61753,100,100%
ABU93815,135,1,598,ABU93815,100,100%
AAB93518,136,1,513,AAB93518,100,100%
AAL58191,137,1,448,AAL58191,100,100%
AFR11403,138,1,446,AFR11403,100,100%
