AccessionNumber,ClusterSize,Length,ClusterRepresentative
NP_612698,3,1357,NP_612698
AAM00704,3,1357,NP_612698
ADY62511,3,1074,NP_612698
AMB66138,4,1324,AMB66138
AMB66065,4,1078,AMB66138
AMB66427,4,885,AMB66138
SBO07665,4,880,AMB66138
APO15885,35,1256,APO15885
ART33253,35,1251,APO15885
NP_954917,35,1250,APO15885
AQM74740,35,1250,APO15885
AAR86131,35,1250,APO15885
AWK60638,35,1247,APO15885
AVM40409,35,1247,APO15885
AVM40339,35,1247,APO15885
AVM40268,35,1247,APO15885
AVM40196,35,1247,APO15885
AVM40124,35,1247,APO15885
AVM40050,35,1247,APO15885
AVM39979,35,1247,APO15885
AVM39905,35,1247,APO15885
AVM39832,35,1247,APO15885
AVM39759,35,1247,APO15885
AVM39688,35,1247,APO15885
AVM39617,35,1247,APO15885
AVM39547,35,1247,APO15885
AVM39473,35,1247,APO15885
AVM39400,35,1247,APO15885
AVM39327,35,1247,APO15885
AVM39176,35,1247,APO15885
ALR87795,35,1247,APO15885
AIQ80750,35,1247,APO15885
AIQ80680,35,1247,APO15885
AIQ80610,35,1247,APO15885
AFV53388,35,1247,APO15885
NP_045328,35,1246,APO15885
AVM39249,35,1246,APO15885
APW77353,35,1246,APO15885
AIQ80820,35,1246,APO15885
CAA06103,35,1246,APO15885
CAB01595,35,1246,APO15885
CAA64335,35,1246,APO15885
YP_009361907,2,1255,YP_009361907
AQS79185,2,1255,YP_009361907
YP_009352938,7,1250,YP_009352938
YP_009046528,7,1250,YP_009352938
ARD71355,7,1250,YP_009352938
AJT58581,7,1250,YP_009352938
AID52734,7,1250,YP_009352938
AAD30145,7,596,YP_009352938
AGT28256,7,467,YP_009352938
AIA09524,31,1249,AIA09524
NP_851890,31,1247,AIA09524
ARS02925,31,1247,AIA09524
ARS02850,31,1247,AIA09524
ARS02775,31,1247,AIA09524
ARS02700,31,1247,AIA09524
ARS02625,31,1247,AIA09524
ARS02550,31,1247,AIA09524
ARS02475,31,1247,AIA09524
ARS02416,31,1247,AIA09524
ARS02342,31,1247,AIA09524
ARS02267,31,1247,AIA09524
ARS02192,31,1247,AIA09524
ARS02117,31,1247,AIA09524
ARS02042,31,1247,AIA09524
ARS01967,31,1247,AIA09524
ARS01892,31,1247,AIA09524
AAP41448,31,1247,AIA09524
BAC58070,31,1247,AIA09524
YP_443877,31,1242,AIA09524
AHM96371,31,1242,AIA09524
AHM96298,31,1242,AIA09524
ABA29284,31,1242,AIA09524
ARS01817,31,1241,AIA09524
ARS01742,31,1241,AIA09524
AHM96225,31,1241,AIA09524
AHM96152,31,1240,AIA09524
AHM96079,31,1240,AIA09524
AHM96006,31,1240,AIA09524
ARS01668,31,1233,AIA09524
AAT67222,31,1204,AIA09524
ATD86766,596,1244,ATD86766
ATD86689,596,1244,ATD86766
ADM52140,596,1244,ATD86766
ADM52126,596,1244,ATD86766
API61853,596,1241,ATD86766
YP_009011017,596,1240,ATD86766
AWP48697,596,1240,ATD86766
AWP48537,596,1240,ATD86766
AWP48457,596,1240,ATD86766
AWP48375,596,1240,ATD86766
SPT06137,596,1240,ATD86766
P89453,596,1240,ATD86766
P07918,596,1240,ATD86766
ATW63789,596,1240,ATD86766
ATD86612,596,1240,ATD86766
ATD86534,596,1240,ATD86766
ATD86457,596,1240,ATD86766
ATD86380,596,1240,ATD86766
ATD86303,596,1240,ATD86766
ATB17573,596,1240,ATD86766
ATB17497,596,1240,ATD86766
ATB17421,596,1240,ATD86766
ATB17345,596,1240,ATD86766
AQZ58987,596,1240,ATD86766
AQZ58916,596,1240,ATD86766
AQZ58774,596,1240,ATD86766
AQZ58632,596,1240,ATD86766
AQZ57993,596,1240,ATD86766
AQZ57709,596,1240,ATD86766
AQZ57496,596,1240,ATD86766
AQZ56431,596,1240,ATD86766
AQZ59129,596,1240,ATD86766
AQZ59058,596,1240,ATD86766
AQZ58845,596,1240,ATD86766
AQZ58703,596,1240,ATD86766
AQZ58490,596,1240,ATD86766
AQZ58419,596,1240,ATD86766
AQZ58348,596,1240,ATD86766
AQZ58277,596,1240,ATD86766
AQZ58206,596,1240,ATD86766
AQZ58135,596,1240,ATD86766
AQZ58064,596,1240,ATD86766
AQZ57922,596,1240,ATD86766
AQZ57851,596,1240,ATD86766
AQZ57780,596,1240,ATD86766
AQZ57638,596,1240,ATD86766
AQZ57567,596,1240,ATD86766
AQZ57425,596,1240,ATD86766
AQZ57354,596,1240,ATD86766
AQZ57283,596,1240,ATD86766
AQZ57212,596,1240,ATD86766
AQZ57141,596,1240,ATD86766
AQZ57070,596,1240,ATD86766
AQZ56999,596,1240,ATD86766
AQZ56928,596,1240,ATD86766
AQZ56857,596,1240,ATD86766
AQZ56786,596,1240,ATD86766
AQZ56715,596,1240,ATD86766
AQZ56644,596,1240,ATD86766
AQZ56573,596,1240,ATD86766
AQZ56502,596,1240,ATD86766
AQZ56360,596,1240,ATD86766
AQZ56289,596,1240,ATD86766
AQZ56218,596,1240,ATD86766
AQZ56147,596,1240,ATD86766
AQZ56076,596,1240,ATD86766
AQZ56005,596,1240,ATD86766
AQZ55934,596,1240,ATD86766
AQZ55863,596,1240,ATD86766
AQZ55792,596,1240,ATD86766
AQZ55721,596,1240,ATD86766
API61849,596,1240,ATD86766
AOW71602,596,1240,ATD86766
AMB66354,596,1240,ATD86766
AMB65994,596,1240,ATD86766
YP_009137182,596,1240,ATD86766
AEV91369,596,1240,ATD86766
AAK72381,596,1240,ATD86766
AAK72380,596,1240,ATD86766
AIL27707,596,1240,ATD86766
AIL27706,596,1240,ATD86766
AIL27705,596,1240,ATD86766
AIL27703,596,1240,ATD86766
AIL27702,596,1240,ATD86766
AIL27701,596,1240,ATD86766
AIL27700,596,1240,ATD86766
AKC59556,596,1240,ATD86766
AKC59485,596,1240,ATD86766
AKC59414,596,1240,ATD86766
AKC59343,596,1240,ATD86766
AKC59271,596,1240,ATD86766
AKC42794,596,1240,ATD86766
AHG54694,596,1240,ATD86766
AFV26919,596,1240,ATD86766
AGI44412,596,1240,ATD86766
AFM93852,596,1240,ATD86766
AFI98983,596,1240,ATD86766
AFI98982,596,1240,ATD86766
AFI98981,596,1240,ATD86766
AFI98980,596,1240,ATD86766
AFI98979,596,1240,ATD86766
AFI98978,596,1240,ATD86766
AFI98977,596,1240,ATD86766
AFI98976,596,1240,ATD86766
AFI98975,596,1240,ATD86766
AFI98974,596,1240,ATD86766
AFI98973,596,1240,ATD86766
AFI98972,596,1240,ATD86766
AFI98971,596,1240,ATD86766
AFI98970,596,1240,ATD86766
AFI98969,596,1240,ATD86766
ADM52180,596,1240,ATD86766
ADM52179,596,1240,ATD86766
ADM52178,596,1240,ATD86766
ADM52177,596,1240,ATD86766
ADM52176,596,1240,ATD86766
ADM52175,596,1240,ATD86766
ADM52172,596,1240,ATD86766
ADM52171,596,1240,ATD86766
ADM52170,596,1240,ATD86766
ADM52169,596,1240,ATD86766
ADM52168,596,1240,ATD86766
ADM52167,596,1240,ATD86766
ADM52147,596,1240,ATD86766
ADM52146,596,1240,ATD86766
ADM52144,596,1240,ATD86766
ADM52142,596,1240,ATD86766
ADM52141,596,1240,ATD86766
ADM52139,596,1240,ATD86766
ADM52138,596,1240,ATD86766
ADM52136,596,1240,ATD86766
ADM52135,596,1240,ATD86766
ADM52134,596,1240,ATD86766
ADM52133,596,1240,ATD86766
ADM52132,596,1240,ATD86766
ADM52131,596,1240,ATD86766
ADM52130,596,1240,ATD86766
ADM52129,596,1240,ATD86766
ADM52128,596,1240,ATD86766
ADM52124,596,1240,ATD86766
ADM52123,596,1240,ATD86766
AAA45853,596,1240,ATD86766
CAB06755,596,1240,ATD86766
1307185A,596,1240,ATD86766
AOV80802,596,1239,ATD86766
API61867,596,1239,ATD86766
AQX17821,596,1239,ATD86766
AQX17819,596,1239,ATD86766
AQX17818,596,1239,ATD86766
AIL27698,596,1239,ATD86766
AIL27696,596,1239,ATD86766
AIL27694,596,1239,ATD86766
AIL27693,596,1239,ATD86766
AIL27692,596,1239,ATD86766
AIL28080,596,1239,ATD86766
AGI44414,596,1239,ATD86766
AGI44413,596,1239,ATD86766
AGI44411,596,1239,ATD86766
ADM52173,596,1238,ATD86766
ADM52137,596,1238,ATD86766
ADM52145,596,1237,ATD86766
AWP48616,596,1236,ATD86766
AQX17820,596,1236,ATD86766
AIL27704,596,1236,ATD86766
AIL27697,596,1236,ATD86766
ADM52174,596,1236,ATD86766
ADM52127,596,1236,ATD86766
ADM52125,596,1236,ATD86766
AXU24951,596,1235,ATD86766
YP_009137105,596,1235,ATD86766
AWO72041,596,1235,ATD86766
AWO71854,596,1235,ATD86766
AWO71490,596,1235,ATD86766
AWO71394,596,1235,ATD86766
AWO71030,596,1235,ATD86766
AWO70934,596,1235,ATD86766
AWO70839,596,1235,ATD86766
AWO70564,596,1235,ATD86766
AWO70468,596,1235,ATD86766
AWO70284,596,1235,ATD86766
AWO70189,596,1235,ATD86766
AWO69916,596,1235,ATD86766
AWO69822,596,1235,ATD86766
AWO69627,596,1235,ATD86766
AWO69533,596,1235,ATD86766
AWO69333,596,1235,ATD86766
AWO69143,596,1235,ATD86766
AWY10604,596,1235,ATD86766
P09854,596,1235,ATD86766
P04292,596,1235,ATD86766
P07917,596,1235,ATD86766
P04293,596,1235,ATD86766
AWX35227,596,1235,ATD86766
AWX35157,596,1235,ATD86766
AWX35085,596,1235,ATD86766
AWX35016,596,1235,ATD86766
AWX34944,596,1235,ATD86766
AWX34874,596,1235,ATD86766
AWX34806,596,1235,ATD86766
AWX34735,596,1235,ATD86766
AWX34666,596,1235,ATD86766
AWW13383,596,1235,ATD86766
AWW13296,596,1235,ATD86766
AWW13215,596,1235,ATD86766
AWW13123,596,1235,ATD86766
AWW13022,596,1235,ATD86766
AWW12846,596,1235,ATD86766
AWW12754,596,1235,ATD86766
AWW12656,596,1235,ATD86766
AWW12558,596,1235,ATD86766
AWW12475,596,1235,ATD86766
AWW12389,596,1235,ATD86766
AWW12306,596,1235,ATD86766
AWW12223,596,1235,ATD86766
AWW12132,596,1235,ATD86766
AWW12057,596,1235,ATD86766
AWW11968,596,1235,ATD86766
AWW11872,596,1235,ATD86766
AWW11781,596,1235,ATD86766
AWW11691,596,1235,ATD86766
AWW11593,596,1235,ATD86766
AWW11503,596,1235,ATD86766
AWW11416,596,1235,ATD86766
AWW11321,596,1235,ATD86766
AWW11236,596,1235,ATD86766
AWW11147,596,1235,ATD86766
AWW11053,596,1235,ATD86766
AWW10951,596,1235,ATD86766
AWW10825,596,1235,ATD86766
AWW10747,596,1235,ATD86766
AWW10662,596,1235,ATD86766
AWW10493,596,1235,ATD86766
AWW10392,596,1235,ATD86766
AWW10303,596,1235,ATD86766
AWW10220,596,1235,ATD86766
AWW10125,596,1235,ATD86766
AWW10042,596,1235,ATD86766
AWW09845,596,1235,ATD86766
AWW09763,596,1235,ATD86766
AWW09675,596,1235,ATD86766
AWW09580,596,1235,ATD86766
AWW09486,596,1235,ATD86766
AWW09284,596,1235,ATD86766
AWW09201,596,1235,ATD86766
AWW09119,596,1235,ATD86766
AWW09042,596,1235,ATD86766
AWW08951,596,1235,ATD86766
AWW08867,596,1235,ATD86766
AWW08780,596,1235,ATD86766
AWW08689,596,1235,ATD86766
AWW08593,596,1235,ATD86766
AWW08487,596,1235,ATD86766
AWW08391,596,1235,ATD86766
AWW08301,596,1235,ATD86766
AWW08210,596,1235,ATD86766
AWW08125,596,1235,ATD86766
AWW07879,596,1235,ATD86766
AWW07797,596,1235,ATD86766
SBT69360,596,1235,ATD86766
SBS69776,596,1235,ATD86766
SBS69365,596,1235,ATD86766
SBS69507,596,1235,ATD86766
SBS69521,596,1235,ATD86766
SBS69481,596,1235,ATD86766
SBS69446,596,1235,ATD86766
SBS69323,596,1235,ATD86766
SBS69251,596,1235,ATD86766
SBS69252,596,1235,ATD86766
AWO72137,596,1235,ATD86766
AWO71945,596,1235,ATD86766
AWO71760,596,1235,ATD86766
AWO71675,596,1235,ATD86766
AWO71588,596,1235,ATD86766
AWO71299,596,1235,ATD86766
AWO71210,596,1235,ATD86766
AWO71130,596,1235,ATD86766
AWO70753,596,1235,ATD86766
AWO70661,596,1235,ATD86766
AWO70375,596,1235,ATD86766
AWO70102,596,1235,ATD86766
AWO70011,596,1235,ATD86766
AWO69724,596,1235,ATD86766
AWO69433,596,1235,ATD86766
AWO69233,596,1235,ATD86766
AWO69043,596,1235,ATD86766
ATD84793,596,1235,ATD86766
ATD84716,596,1235,ATD86766
ASM47857,596,1235,ATD86766
ARB08921,596,1235,ATD86766
AJE60404,596,1235,ATD86766
AJE60331,596,1235,ATD86766
AJE60261,596,1235,ATD86766
AJE60188,596,1235,ATD86766
AJE60117,596,1235,ATD86766
AJE60046,596,1235,ATD86766
AJE59975,596,1235,ATD86766
BAM73380,596,1235,ATD86766
ACM62253,596,1235,ATD86766
AOY36649,596,1235,ATD86766
AOY34298,596,1235,ATD86766
AMB65922,596,1235,ATD86766
BAV53945,596,1235,ATD86766
BAV53944,596,1235,ATD86766
BAV53943,596,1235,ATD86766
BAV53942,596,1235,ATD86766
BAV53941,596,1235,ATD86766
BAV53940,596,1235,ATD86766
BAV53939,596,1235,ATD86766
BAV53938,596,1235,ATD86766
SCL76875,596,1235,ATD86766
BAV25237,596,1235,ATD86766
BAV25236,596,1235,ATD86766
BAV25235,596,1235,ATD86766
BAV25234,596,1235,ATD86766
BAV25233,596,1235,ATD86766
BAV25232,596,1235,ATD86766
BAV25231,596,1235,ATD86766
BAV25230,596,1235,ATD86766
BAV25229,596,1235,ATD86766
BAV25228,596,1235,ATD86766
BAV25227,596,1235,ATD86766
BAV25226,596,1235,ATD86766
BAV25225,596,1235,ATD86766
BAV25224,596,1235,ATD86766
BAV25223,596,1235,ATD86766
BAV25222,596,1235,ATD86766
BAV25221,596,1235,ATD86766
BAV25220,596,1235,ATD86766
BAV25219,596,1235,ATD86766
BAV25218,596,1235,ATD86766
BAV25217,596,1235,ATD86766
BAV25216,596,1235,ATD86766
BAV25215,596,1235,ATD86766
BAV25214,596,1235,ATD86766
ANN85765,596,1235,ATD86766
ANN85689,596,1235,ATD86766
ANN85612,596,1235,ATD86766
ANN85535,596,1235,ATD86766
ANN85458,596,1235,ATD86766
ANN85382,596,1235,ATD86766
ANN85305,596,1235,ATD86766
ANN85228,596,1235,ATD86766
ANN85153,596,1235,ATD86766
ANN85077,596,1235,ATD86766
ANN85000,596,1235,ATD86766
ANN84924,596,1235,ATD86766
ANN84847,596,1235,ATD86766
ANN84771,596,1235,ATD86766
ANN84694,596,1235,ATD86766
ANN84618,596,1235,ATD86766
ANN84541,596,1235,ATD86766
ANN84464,596,1235,ATD86766
ANN84389,596,1235,ATD86766
ANN84312,596,1235,ATD86766
ANN84235,596,1235,ATD86766
ANN84158,596,1235,ATD86766
ANN84081,596,1235,ATD86766
ANN84005,596,1235,ATD86766
ANN83928,596,1235,ATD86766
SBO07726,596,1235,ATD86766
SBO07822,596,1235,ATD86766
SBO07727,596,1235,ATD86766
AEQ77061,596,1235,ATD86766
AMN09799,596,1235,ATD86766
AER38038,596,1235,ATD86766
ALO18703,596,1235,ATD86766
ALO18627,596,1235,ATD86766
ALM22821,596,1235,ATD86766
ALM22747,596,1235,ATD86766
ALM22673,596,1235,ATD86766
ALM22599,596,1235,ATD86766
AKH80503,596,1235,ATD86766
AKH80430,596,1235,ATD86766
AKG61960,596,1235,ATD86766
AKG61888,596,1235,ATD86766
AKG61814,596,1235,ATD86766
AKG61742,596,1235,ATD86766
AKG61670,596,1235,ATD86766
AKG61597,596,1235,ATD86766
AKG61523,596,1235,ATD86766
AKG61450,596,1235,ATD86766
AKG61378,596,1235,ATD86766
AKG61307,596,1235,ATD86766
AKG61234,596,1235,ATD86766
AKG61161,596,1235,ATD86766
AKG61090,596,1235,ATD86766
AKG61018,596,1235,ATD86766
AKG60945,596,1235,ATD86766
AKG60873,596,1235,ATD86766
AKG60803,596,1235,ATD86766
AKG60731,596,1235,ATD86766
AKG60660,596,1235,ATD86766
AKG60587,596,1235,ATD86766
AKG60514,596,1235,ATD86766
AKG60442,596,1235,ATD86766
AKG60372,596,1235,ATD86766
AKG60302,596,1235,ATD86766
AKG60229,596,1235,ATD86766
AKG60156,596,1235,ATD86766
AKG60085,596,1235,ATD86766
AKG60013,596,1235,ATD86766
AKG59939,596,1235,ATD86766
AKG59865,596,1235,ATD86766
AKG59793,596,1235,ATD86766
AKG59722,596,1235,ATD86766
AKG59649,596,1235,ATD86766
AKG59577,596,1235,ATD86766
AKG59502,596,1235,ATD86766
AKG59430,596,1235,ATD86766
AKG59358,596,1235,ATD86766
AKG59285,596,1235,ATD86766
AKG59213,596,1235,ATD86766
AKE48609,596,1235,ATD86766
AIR95826,596,1235,ATD86766
AGZ01892,596,1235,ATD86766
ADM23795,596,1235,ATD86766
ADM23719,596,1235,ATD86766
ADM23644,596,1235,ATD86766
ADM23569,596,1235,ATD86766
ADM23495,596,1235,ATD86766
ADM23421,596,1235,ATD86766
ADM23347,596,1235,ATD86766
ADM23273,596,1235,ATD86766
ADM23196,596,1235,ATD86766
ADM23119,596,1235,ATD86766
ADM23043,596,1235,ATD86766
ADM22967,596,1235,ATD86766
ADM22890,596,1235,ATD86766
ADM22813,596,1235,ATD86766
ADM22737,596,1235,ATD86766
ADM22660,596,1235,ATD86766
ADM22583,596,1235,ATD86766
ADM22506,596,1235,ATD86766
ADM22430,596,1235,ATD86766
ADM22353,596,1235,ATD86766
AFK50376,596,1235,ATD86766
AFP86394,596,1235,ATD86766
ADD60110,596,1235,ATD86766
ADD60033,596,1235,ATD86766
BAM29052,596,1235,ATD86766
BAM29051,596,1235,ATD86766
BAM29050,596,1235,ATD86766
BAM29048,596,1235,ATD86766
BAM29047,596,1235,ATD86766
BAM29046,596,1235,ATD86766
AFE62858,596,1235,ATD86766
AFI98968,596,1235,ATD86766
AFI98967,596,1235,ATD86766
AFI98966,596,1235,ATD86766
AFI98965,596,1235,ATD86766
AFI98964,596,1235,ATD86766
AFI98963,596,1235,ATD86766
AFI98962,596,1235,ATD86766
AFI98961,596,1235,ATD86766
AFI98960,596,1235,ATD86766
AFI98959,596,1235,ATD86766
AFI98958,596,1235,ATD86766
AFI98957,596,1235,ATD86766
AFI98956,596,1235,ATD86766
AFI98955,596,1235,ATD86766
AFI98954,596,1235,ATD86766
AFI98953,596,1235,ATD86766
AFI98952,596,1235,ATD86766
AFI98951,596,1235,ATD86766
AFI98950,596,1235,ATD86766
AFI98949,596,1235,ATD86766
AFI98948,596,1235,ATD86766
AFI98947,596,1235,ATD86766
AFI98946,596,1235,ATD86766
AFI98945,596,1235,ATD86766
AFI98944,596,1235,ATD86766
AFI98943,596,1235,ATD86766
AFI98942,596,1235,ATD86766
AFI98941,596,1235,ATD86766
AFI98940,596,1235,ATD86766
AFI98939,596,1235,ATD86766
AFI98938,596,1235,ATD86766
AFI98937,596,1235,ATD86766
AFI98936,596,1235,ATD86766
AFI98935,596,1235,ATD86766
AFI98934,596,1235,ATD86766
AFI98933,596,1235,ATD86766
AFI98932,596,1235,ATD86766
AFI98931,596,1235,ATD86766
AFI98930,596,1235,ATD86766
AFI98929,596,1235,ATD86766
AFI98928,596,1235,ATD86766
AFI98927,596,1235,ATD86766
AFI98926,596,1235,ATD86766
AFI98925,596,1235,ATD86766
AFI98924,596,1235,ATD86766
AFI98923,596,1235,ATD86766
AFI98922,596,1235,ATD86766
AFI98921,596,1235,ATD86766
AFI98920,596,1235,ATD86766
AFI98919,596,1235,ATD86766
AFI98918,596,1235,ATD86766
AFI98917,596,1235,ATD86766
AFI98916,596,1235,ATD86766
AFI98915,596,1235,ATD86766
AFI98914,596,1235,ATD86766
AFI98913,596,1235,ATD86766
AFI98912,596,1235,ATD86766
AFI98911,596,1235,ATD86766
AFI98910,596,1235,ATD86766
AFI98909,596,1235,ATD86766
AFI98908,596,1235,ATD86766
AFI98907,596,1235,ATD86766
AFI98906,596,1235,ATD86766
AFI98905,596,1235,ATD86766
AFI98904,596,1235,ATD86766
AFI98903,596,1235,ATD86766
AFI98902,596,1235,ATD86766
AFI98901,596,1235,ATD86766
AFI98900,596,1235,ATD86766
AFI98899,596,1235,ATD86766
AFI98898,596,1235,ATD86766
AFI98897,596,1235,ATD86766
AFI98896,596,1235,ATD86766
AFI98895,596,1235,ATD86766
AFI98894,596,1235,ATD86766
AFI98893,596,1235,ATD86766
AFI98892,596,1235,ATD86766
AFI98891,596,1235,ATD86766
AFI98890,596,1235,ATD86766
AFI98889,596,1235,ATD86766
AFI98888,596,1235,ATD86766
AFI98887,596,1235,ATD86766
AFI98886,596,1235,ATD86766
AFI98885,596,1235,ATD86766
AFI98884,596,1235,ATD86766
AFI23621,596,1235,ATD86766
AER37968,596,1235,ATD86766
AER37896,596,1235,ATD86766
AER37824,596,1235,ATD86766
AER37754,596,1235,ATD86766
AER37684,596,1235,ATD86766
AER37614,596,1235,ATD86766
ABI63492,596,1235,ATD86766
ADM52182,596,1235,ATD86766
ADM52162,596,1235,ATD86766
ADM52161,596,1235,ATD86766
ADM52160,596,1235,ATD86766
ADM52159,596,1235,ATD86766
ADM52158,596,1235,ATD86766
ADM52157,596,1235,ATD86766
ADM52156,596,1235,ATD86766
ADM52155,596,1235,ATD86766
ADM52154,596,1235,ATD86766
ADM52153,596,1235,ATD86766
ADM52122,596,1235,ATD86766
ADM52121,596,1235,ATD86766
ADM52120,596,1235,ATD86766
ADM52119,596,1235,ATD86766
ADM52118,596,1235,ATD86766
ADM52117,596,1235,ATD86766
ADM52116,596,1235,ATD86766
ADM52115,596,1235,ATD86766
ADM52114,596,1235,ATD86766
ADM52113,596,1235,ATD86766
ADM52112,596,1235,ATD86766
ADM52111,596,1235,ATD86766
ADM52110,596,1235,ATD86766
ADM52109,596,1235,ATD86766
ADM52108,596,1235,ATD86766
ADM52107,596,1235,ATD86766
ADM52106,596,1235,ATD86766
AAA66438,596,1235,ATD86766
BAE19749,596,1235,ATD86766
BAE19748,596,1235,ATD86766
BAE19747,596,1235,ATD86766
BAE19746,596,1235,ATD86766
BAE19745,596,1235,ATD86766
BAE19744,596,1235,ATD86766
CAA32323,596,1235,ATD86766
ACD65418,596,1235,ATD86766
CAA26941,596,1235,ATD86766
BAB69448,596,1235,ATD86766
BAB64293,596,1235,ATD86766
BAB64292,596,1235,ATD86766
CAA28183,596,1235,ATD86766
CAA28464,596,1235,ATD86766
AIL28079,596,1234,ATD86766
ADM52143,596,1234,ATD86766
AWW10576,596,1233,ATD86766
AWW09372,596,1233,ATD86766
AWW12940,596,1229,ATD86766
AQZ58561,596,1229,ATD86766
AIL27695,596,1226,ATD86766
AIL27699,596,1196,ATD86766
2GV9B,596,1193,ATD86766
2GV9A,596,1193,ATD86766
SBO07663,596,1151,ATD86766
AMB66282,596,945,ATD86766
AMB66210,596,721,ATD86766
AWW08006,596,716,ATD86766
AQN70683,386,1243,AQN70683
AMJ54425,386,1243,AQN70683
AMJ53090,386,1243,AQN70683
AIC80149,386,1243,AQN70683
AMO64740,386,1243,AQN70683
AFR56052,386,1243,AQN70683
AFR55884,386,1243,AQN70683
AKI23490,386,1243,AQN70683
AKI22488,386,1243,AQN70683
AKI20318,386,1243,AQN70683
AKI19314,386,1243,AQN70683
AKI17307,386,1243,AQN70683
AKI10295,386,1243,AQN70683
ACS92155,386,1243,AQN70683
AAD30105,386,1243,AQN70683
YP_081513,386,1242,AQN70683
Q6SW77,386,1242,AQN70683
ARX80444,386,1242,AQN70683
ARX80276,386,1242,AQN70683
P08546,386,1242,AQN70683
AQN73887,386,1242,AQN70683
AQN73718,386,1242,AQN70683
AQN73549,386,1242,AQN70683
AQN73381,386,1242,AQN70683
AQN73213,386,1242,AQN70683
AQN73045,386,1242,AQN70683
AQN72875,386,1242,AQN70683
AQN72706,386,1242,AQN70683
AQN72538,386,1242,AQN70683
AQN72369,386,1242,AQN70683
AQN72201,386,1242,AQN70683
AQN72032,386,1242,AQN70683
AQN71865,386,1242,AQN70683
AQN71698,386,1242,AQN70683
AQN71528,386,1242,AQN70683
AQN71359,386,1242,AQN70683
AQN71190,386,1242,AQN70683
AQN71021,386,1242,AQN70683
AQN70852,386,1242,AQN70683
AQN70514,386,1242,AQN70683
AQN70348,386,1242,AQN70683
AQN70181,386,1242,AQN70683
AQN70011,386,1242,AQN70683
AQN69842,386,1242,AQN70683
AQN69675,386,1242,AQN70683
AQN69507,386,1242,AQN70683
AQN69338,386,1242,AQN70683
ASY06489,386,1242,AQN70683
ASY06321,386,1242,AQN70683
ASY06152,386,1242,AQN70683
ASY05984,386,1242,AQN70683
AMJ55091,386,1242,AQN70683
AMJ54926,386,1242,AQN70683
AMJ54758,386,1242,AQN70683
AMJ54593,386,1242,AQN70683
AMJ54091,386,1242,AQN70683
AMJ53923,386,1242,AQN70683
AMJ53757,386,1242,AQN70683
AMJ53592,386,1242,AQN70683
AMJ53424,386,1242,AQN70683
AMJ53257,386,1242,AQN70683
AMJ52924,386,1242,AQN70683
AMJ52757,386,1242,AQN70683
AMJ52591,386,1242,AQN70683
AIC80651,386,1242,AQN70683
AIC80485,386,1242,AQN70683
AIC80317,386,1242,AQN70683
ABV71585,386,1242,AQN70683
APG57931,386,1242,AQN70683
APG57763,386,1242,AQN70683
APG57593,386,1242,AQN70683
APG57424,386,1242,AQN70683
APG57254,386,1242,AQN70683
AGT36483,386,1242,AQN70683
ACZ72808,386,1242,AQN70683
ACS32369,386,1242,AQN70683
APB97519,386,1242,AQN70683
APB97350,386,1242,AQN70683
APA46365,386,1242,AQN70683
APA46228,386,1242,AQN70683
APA46090,386,1242,AQN70683
APA45574,386,1242,AQN70683
APA45453,386,1242,AQN70683
APA45200,386,1242,AQN70683
AJY57898,386,1242,AQN70683
AJY57732,386,1242,AQN70683
AJY57565,386,1242,AQN70683
AJY57398,386,1242,AQN70683
AJY57231,386,1242,AQN70683
AJY57064,386,1242,AQN70683
AJY56897,386,1242,AQN70683
AJY56730,386,1242,AQN70683
AJY56563,386,1242,AQN70683
AJY56396,386,1242,AQN70683
AJY56229,386,1242,AQN70683
AJY56062,386,1242,AQN70683
AJY55895,386,1242,AQN70683
AJY55728,386,1242,AQN70683
AJY55561,386,1242,AQN70683
AJY55394,386,1242,AQN70683
AJY55227,386,1242,AQN70683
AJY55060,386,1242,AQN70683
AJY54893,386,1242,AQN70683
AJY54726,386,1242,AQN70683
ADD39115,386,1242,AQN70683
ADV04382,386,1242,AQN70683
AND81988,386,1242,AQN70683
AND81823,386,1242,AQN70683
AND81659,386,1242,AQN70683
AND81494,386,1242,AQN70683
AKI26560,386,1242,AQN70683
AKI26391,386,1242,AQN70683
AKI26223,386,1242,AQN70683
AKI26054,386,1242,AQN70683
AKI25886,386,1242,AQN70683
AKI25718,386,1242,AQN70683
AKI25550,386,1242,AQN70683
AKI25381,386,1242,AQN70683
AKI25211,386,1242,AQN70683
AKI25041,386,1242,AQN70683
AKI24872,386,1242,AQN70683
AKI24703,386,1242,AQN70683
AKI24534,386,1242,AQN70683
AKI24366,386,1242,AQN70683
AKI24196,386,1242,AQN70683
AKI24027,386,1242,AQN70683
AKI23859,386,1242,AQN70683
AKI23691,386,1242,AQN70683
AMO64908,386,1242,AQN70683
AMO64573,386,1242,AQN70683
AMO64405,386,1242,AQN70683
AHJ83964,386,1242,AQN70683
AHJ83794,386,1242,AQN70683
AHJ83627,386,1242,AQN70683
AHJ83460,386,1242,AQN70683
AHJ83291,386,1242,AQN70683
AHJ83122,386,1242,AQN70683
AHJ82953,386,1242,AQN70683
AHJ82784,386,1242,AQN70683
AHJ82618,386,1242,AQN70683
AFR56386,386,1242,AQN70683
AFR56219,386,1242,AQN70683
AFR55718,386,1242,AQN70683
AFR55549,386,1242,AQN70683
AFR55384,386,1242,AQN70683
AFR55215,386,1242,AQN70683
AFR55047,386,1242,AQN70683
AFR54883,386,1242,AQN70683
AFR54716,386,1242,AQN70683
AFR54556,386,1242,AQN70683
ADE88062,386,1242,AQN70683
ALT16286,386,1242,AQN70683
ALT16121,386,1242,AQN70683
ALT15965,386,1242,AQN70683
ALT15800,386,1242,AQN70683
ALT15635,386,1242,AQN70683
ALT15470,386,1242,AQN70683
ALT15305,386,1242,AQN70683
ALT15140,386,1242,AQN70683
ALT14975,386,1242,AQN70683
ALT14810,386,1242,AQN70683
ALT14645,386,1242,AQN70683
AHJ85984,386,1242,AQN70683
AHJ85817,386,1242,AQN70683
AHJ85650,386,1242,AQN70683
AHJ85482,386,1242,AQN70683
AHJ85313,386,1242,AQN70683
AHJ85144,386,1242,AQN70683
AHJ84974,386,1242,AQN70683
AHJ84806,386,1242,AQN70683
AHJ84637,386,1242,AQN70683
AHJ84468,386,1242,AQN70683
AHJ84300,386,1242,AQN70683
AHJ84132,386,1242,AQN70683
AHJ82449,386,1242,AQN70683
AHJ82282,386,1242,AQN70683
AHJ82112,386,1242,AQN70683
AHJ81944,386,1242,AQN70683
ALN67053,386,1242,AQN70683
ALL26208,386,1242,AQN70683
AHJ86152,386,1242,AQN70683
AKI23323,386,1242,AQN70683
AKI23158,386,1242,AQN70683
AKI22991,386,1242,AQN70683
AKI22823,386,1242,AQN70683
AKI22655,386,1242,AQN70683
AKI22320,386,1242,AQN70683
AKI22155,386,1242,AQN70683
AKI21989,386,1242,AQN70683
AKI21821,386,1242,AQN70683
AKI21654,386,1242,AQN70683
AKI21488,386,1242,AQN70683
AKI21324,386,1242,AQN70683
AKI20821,386,1242,AQN70683
AKI20653,386,1242,AQN70683
AKI20485,386,1242,AQN70683
AKI20150,386,1242,AQN70683
AKI19982,386,1242,AQN70683
AKI19815,386,1242,AQN70683
AKI19647,386,1242,AQN70683
AKI19482,386,1242,AQN70683
AKI19145,386,1242,AQN70683
AKI18978,386,1242,AQN70683
AKI18811,386,1242,AQN70683
AKI18643,386,1242,AQN70683
AKI18476,386,1242,AQN70683
AKI18307,386,1242,AQN70683
AKI18140,386,1242,AQN70683
AKI17974,386,1242,AQN70683
AKI17807,386,1242,AQN70683
AKI17641,386,1242,AQN70683
AKI17474,386,1242,AQN70683
AKI17138,386,1242,AQN70683
AKI16970,386,1242,AQN70683
AKI16805,386,1242,AQN70683
AKI16637,386,1242,AQN70683
AKI16474,386,1242,AQN70683
AKI16307,386,1242,AQN70683
AKI16138,386,1242,AQN70683
AKI15972,386,1242,AQN70683
AKI15806,386,1242,AQN70683
AKI15639,386,1242,AQN70683
AKI15473,386,1242,AQN70683
AKI15305,386,1242,AQN70683
AKI15138,386,1242,AQN70683
AKI14970,386,1242,AQN70683
AKI14802,386,1242,AQN70683
AKI14635,386,1242,AQN70683
AKI14467,386,1242,AQN70683
AKI14298,386,1242,AQN70683
AKI14130,386,1242,AQN70683
AKI13798,386,1242,AQN70683
AKI13630,386,1242,AQN70683
AKI13462,386,1242,AQN70683
AKI13293,386,1242,AQN70683
AKI13125,386,1242,AQN70683
AKI12959,386,1242,AQN70683
AKI12791,386,1242,AQN70683
AKI12627,386,1242,AQN70683
AKI12460,386,1242,AQN70683
AKI12294,386,1242,AQN70683
AKI12128,386,1242,AQN70683
AKI11960,386,1242,AQN70683
AKI11793,386,1242,AQN70683
AKI11629,386,1242,AQN70683
AKI11465,386,1242,AQN70683
AKI11297,386,1242,AQN70683
AKI11130,386,1242,AQN70683
AKI10964,386,1242,AQN70683
AKI10797,386,1242,AQN70683
AKI10629,386,1242,AQN70683
AKI10462,386,1242,AQN70683
AKI10128,386,1242,AQN70683
AKI09959,386,1242,AQN70683
AKI09790,386,1242,AQN70683
AKI09623,386,1242,AQN70683
AKI09454,386,1242,AQN70683
AKI09287,386,1242,AQN70683
AKI09118,386,1242,AQN70683
AKI08950,386,1242,AQN70683
AKI08782,386,1242,AQN70683
AKI08613,386,1242,AQN70683
AKI08446,386,1242,AQN70683
AKI08280,386,1242,AQN70683
AKI08113,386,1242,AQN70683
AKI07946,386,1242,AQN70683
AKI07778,386,1242,AQN70683
AKI07610,386,1242,AQN70683
AII80158,386,1242,AQN70683
AII79991,386,1242,AQN70683
AII79832,386,1242,AQN70683
AII79667,386,1242,AQN70683
AII79499,386,1242,AQN70683
AHB20032,386,1242,AQN70683
AHB19867,386,1242,AQN70683
AHB19534,386,1242,AQN70683
AHB19366,386,1242,AQN70683
AHV84012,386,1242,AQN70683
AGT36355,386,1242,AQN70683
AGL96654,386,1242,AQN70683
AGQ47284,386,1242,AQN70683
AAR31619,386,1242,AQN70683
ACZ80306,386,1242,AQN70683
ACZ80141,386,1242,AQN70683
ACZ79976,386,1242,AQN70683
ACZ79811,386,1242,AQN70683
ACU83715,386,1242,AQN70683
ACT81901,386,1242,AQN70683
ACT81736,386,1242,AQN70683
ACS93397,386,1242,AQN70683
ACS91990,386,1242,AQN70683
ACM48043,386,1242,AQN70683
ACL51134,386,1242,AQN70683
DAA00159,386,1242,AQN70683
AAA46008,386,1242,AQN70683
AAA45988,386,1242,AQN70683
BAJ06834,386,1242,AQN70683
BAF64755,386,1242,AQN70683
AAD30104,386,1242,AQN70683
AAD30103,386,1242,AQN70683
AAD30102,386,1242,AQN70683
AAD30101,386,1242,AQN70683
AAD30100,386,1242,AQN70683
AAD30099,386,1242,AQN70683
AAD30098,386,1242,AQN70683
AAD30097,386,1242,AQN70683
AAD30096,386,1242,AQN70683
AAD30095,386,1242,AQN70683
AAD30094,386,1242,AQN70683
AAD30093,386,1242,AQN70683
AAD30092,386,1242,AQN70683
AAD30091,386,1242,AQN70683
AAD30090,386,1242,AQN70683
AAD30089,386,1242,AQN70683
AAD30088,386,1242,AQN70683
AAD30087,386,1242,AQN70683
AAD30086,386,1242,AQN70683
AAD30085,386,1242,AQN70683
AAD30084,386,1242,AQN70683
AAD30083,386,1242,AQN70683
AAD30082,386,1242,AQN70683
AAD30080,386,1242,AQN70683
AAD30079,386,1242,AQN70683
AAD30078,386,1242,AQN70683
AAD30077,386,1242,AQN70683
AAD30076,386,1242,AQN70683
AAD30075,386,1242,AQN70683
AAD30074,386,1242,AQN70683
AAD30073,386,1242,AQN70683
AAD30072,386,1242,AQN70683
AAD30071,386,1242,AQN70683
AAD30070,386,1242,AQN70683
AAD30069,386,1242,AQN70683
AAD30068,386,1242,AQN70683
AAD30067,386,1242,AQN70683
AAD30066,386,1242,AQN70683
ABA26314,386,1242,AQN70683
ABA26302,386,1242,AQN70683
AAP88377,386,1242,AQN70683
CAA35413,386,1242,AQN70683
ABA26287,386,1242,AQN70683
AMJ54258,386,1241,AQN70683
AKI21156,386,1241,AQN70683
AKI20989,386,1241,AQN70683
AHB19701,386,1241,AQN70683
AAG02102,386,1240,AQN70683
AKI13964,386,1240,AQN70683
AAD30081,386,1240,AQN70683
2023154C,386,1004,AQN70683
AKF02852,386,832,AQN70683
AAP57915,386,806,AQN70683
AAP57911,386,805,AQN70683
AAP57919,386,803,AQN70683
AAP57917,386,803,AQN70683
AAP57916,386,803,AQN70683
AAP57913,386,803,AQN70683
AAP57909,386,803,AQN70683
AAP57914,386,802,AQN70683
AAP57910,386,801,AQN70683
AAP57918,386,797,AQN70683
AAP57908,386,788,AQN70683
AAP57920,386,787,AQN70683
AAP57912,386,787,AQN70683
AAR00276,386,621,AQN70683
AAR00275,386,621,AQN70683
AAR00274,386,621,AQN70683
AAR00273,386,621,AQN70683
AAR00272,386,621,AQN70683
AAR00271,386,621,AQN70683
AAR00270,386,621,AQN70683
AAR00292,386,621,AQN70683
AAR00291,386,621,AQN70683
AAR00290,386,621,AQN70683
AAR00289,386,621,AQN70683
AAR00288,386,621,AQN70683
AAR00287,386,621,AQN70683
AAR00286,386,621,AQN70683
AAR00285,386,621,AQN70683
AAR00284,386,621,AQN70683
AAR00283,386,621,AQN70683
AAR00282,386,621,AQN70683
AAR00281,386,621,AQN70683
AAR00280,386,621,AQN70683
AAR00279,386,621,AQN70683
AAR00278,386,621,AQN70683
AAR00277,386,621,AQN70683
YP_003933809,2,1241,YP_003933809
ADO13797,2,1241,YP_003933809
YP_009042092,2,1235,YP_009042092
BAP00709,2,1235,YP_009042092
AMB65848,5,1235,AMB65848
AMB65701,5,1235,AMB65848
AMB65628,5,1235,AMB65848
AMB65775,5,963,AMB65848
AWW09955,5,740,AMB65848
YP_164473,2,1226,YP_164473
AAU88096,2,1226,YP_164473
YP_009227263,2,1224,YP_009227263
AMB16995,2,1224,YP_009227263
YP_009054933,2,1221,YP_009054933
AIL02947,2,1221,YP_009054933
YP_006273009,211,1220,YP_006273009
YP_002333511,211,1220,YP_006273009
YP_053075,211,1220,YP_006273009
P28858,211,1220,YP_006273009
Q6S6P1,211,1220,YP_006273009
AMK49445,211,1220,YP_006273009
AMK49369,211,1220,YP_006273009
AVD50014,211,1220,YP_006273009
APQ37884,211,1220,YP_006273009
APQ37809,211,1220,YP_006273009
APQ37734,211,1220,YP_006273009
APQ37660,211,1220,YP_006273009
APQ37585,211,1220,YP_006273009
APQ37510,211,1220,YP_006273009
APQ37435,211,1220,YP_006273009
APQ37360,211,1220,YP_006273009
APQ37285,211,1220,YP_006273009
APQ37210,211,1220,YP_006273009
APQ37135,211,1220,YP_006273009
APQ37060,211,1220,YP_006273009
APQ36985,211,1220,YP_006273009
APQ36910,211,1220,YP_006273009
APQ36835,211,1220,YP_006273009
APQ36760,211,1220,YP_006273009
APQ36685,211,1220,YP_006273009
APQ36610,211,1220,YP_006273009
APQ36535,211,1220,YP_006273009
APQ36460,211,1220,YP_006273009
APQ36385,211,1220,YP_006273009
APQ36310,211,1220,YP_006273009
APQ36235,211,1220,YP_006273009
APQ36160,211,1220,YP_006273009
APQ36085,211,1220,YP_006273009
APQ36010,211,1220,YP_006273009
APQ35935,211,1220,YP_006273009
APQ35860,211,1220,YP_006273009
APQ35785,211,1220,YP_006273009
APQ35710,211,1220,YP_006273009
APQ35635,211,1220,YP_006273009
APQ35560,211,1220,YP_006273009
APQ35485,211,1220,YP_006273009
APQ35410,211,1220,YP_006273009
APQ35335,211,1220,YP_006273009
APQ35260,211,1220,YP_006273009
APQ35185,211,1220,YP_006273009
APQ35110,211,1220,YP_006273009
APQ35035,211,1220,YP_006273009
APQ34960,211,1220,YP_006273009
APQ34885,211,1220,YP_006273009
APQ34810,211,1220,YP_006273009
APQ34735,211,1220,YP_006273009
APQ34660,211,1220,YP_006273009
APQ34585,211,1220,YP_006273009
APQ34510,211,1220,YP_006273009
APQ34435,211,1220,YP_006273009
APQ34360,211,1220,YP_006273009
APQ34285,211,1220,YP_006273009
APQ34210,211,1220,YP_006273009
APQ34135,211,1220,YP_006273009
APQ34060,211,1220,YP_006273009
APQ33985,211,1220,YP_006273009
APQ33910,211,1220,YP_006273009
APQ33835,211,1220,YP_006273009
APQ33760,211,1220,YP_006273009
APQ33685,211,1220,YP_006273009
APQ33610,211,1220,YP_006273009
APQ33535,211,1220,YP_006273009
APQ33460,211,1220,YP_006273009
APQ33385,211,1220,YP_006273009
APQ33310,211,1220,YP_006273009
APQ33235,211,1220,YP_006273009
APQ33160,211,1220,YP_006273009
APQ33085,211,1220,YP_006273009
APQ33010,211,1220,YP_006273009
APQ32935,211,1220,YP_006273009
APQ32860,211,1220,YP_006273009
APQ32785,211,1220,YP_006273009
APQ32710,211,1220,YP_006273009
APQ32635,211,1220,YP_006273009
APQ32560,211,1220,YP_006273009
APQ32485,211,1220,YP_006273009
APQ32410,211,1220,YP_006273009
APQ32335,211,1220,YP_006273009
APQ32260,211,1220,YP_006273009
APQ32185,211,1220,YP_006273009
AUS94923,211,1220,YP_006273009
AUS94843,211,1220,YP_006273009
AUS94763,211,1220,YP_006273009
AUS94683,211,1220,YP_006273009
AUN34230,211,1220,YP_006273009
AUN34155,211,1220,YP_006273009
AMB15810,211,1220,YP_006273009
AMB15731,211,1220,YP_006273009
AMB15652,211,1220,YP_006273009
AMB15573,211,1220,YP_006273009
AMB15494,211,1220,YP_006273009
AMB15415,211,1220,YP_006273009
AMB15336,211,1220,YP_006273009
AMB15256,211,1220,YP_006273009
AMB15177,211,1220,YP_006273009
AMB15098,211,1220,YP_006273009
AMB15019,211,1220,YP_006273009
BAX36426,211,1220,YP_006273009
AMD81993,211,1220,YP_006273009
AOS50784,211,1220,YP_006273009
AOS50782,211,1220,YP_006273009
AOS50781,211,1220,YP_006273009
AOS50780,211,1220,YP_006273009
AKQ19073,211,1220,YP_006273009
AHN10530,211,1220,YP_006273009
AHN10494,211,1220,YP_006273009
AHN10533,211,1220,YP_006273009
AHN10532,211,1220,YP_006273009
AHN10531,211,1220,YP_006273009
AHN10529,211,1220,YP_006273009
AHN10528,211,1220,YP_006273009
AHN10527,211,1220,YP_006273009
AHN10526,211,1220,YP_006273009
AHN10525,211,1220,YP_006273009
AHN10524,211,1220,YP_006273009
AHN10523,211,1220,YP_006273009
AHN10522,211,1220,YP_006273009
AHN10521,211,1220,YP_006273009
AHN10520,211,1220,YP_006273009
AHN10519,211,1220,YP_006273009
AHN10518,211,1220,YP_006273009
AHN10517,211,1220,YP_006273009
AHN10516,211,1220,YP_006273009
AHN10515,211,1220,YP_006273009
AHN10514,211,1220,YP_006273009
AHN10513,211,1220,YP_006273009
AHN10512,211,1220,YP_006273009
AHN10511,211,1220,YP_006273009
AHN10510,211,1220,YP_006273009
AHN10509,211,1220,YP_006273009
AHN10508,211,1220,YP_006273009
AHN10507,211,1220,YP_006273009
AHN10506,211,1220,YP_006273009
AHN10505,211,1220,YP_006273009
AHN10504,211,1220,YP_006273009
AHN10503,211,1220,YP_006273009
AHN10502,211,1220,YP_006273009
AHN10501,211,1220,YP_006273009
AHN10500,211,1220,YP_006273009
AHN10499,211,1220,YP_006273009
AHN10498,211,1220,YP_006273009
AHN10497,211,1220,YP_006273009
AHN10496,211,1220,YP_006273009
AHN10495,211,1220,YP_006273009
AHN10493,211,1220,YP_006273009
AHN10492,211,1220,YP_006273009
AHN10491,211,1220,YP_006273009
AHN10490,211,1220,YP_006273009
AHN10489,211,1220,YP_006273009
AHN10488,211,1220,YP_006273009
AHN10487,211,1220,YP_006273009
AHN10486,211,1220,YP_006273009
AHN10485,211,1220,YP_006273009
AHN10484,211,1220,YP_006273009
AHN10483,211,1220,YP_006273009
AHN10482,211,1220,YP_006273009
AHN10481,211,1220,YP_006273009
AHN10480,211,1220,YP_006273009
AHN10479,211,1220,YP_006273009
AHN10478,211,1220,YP_006273009
AHN10477,211,1220,YP_006273009
AHN10476,211,1220,YP_006273009
AHN10475,211,1220,YP_006273009
AHN10474,211,1220,YP_006273009
AHN10473,211,1220,YP_006273009
AHN10472,211,1220,YP_006273009
AHN10471,211,1220,YP_006273009
AHN10470,211,1220,YP_006273009
BAR43394,211,1220,YP_006273009
AII81683,211,1220,YP_006273009
AII81603,211,1220,YP_006273009
AII81523,211,1220,YP_006273009
AII81443,211,1220,YP_006273009
AII81124,211,1220,YP_006273009
AII81044,211,1220,YP_006273009
AII80964,211,1220,YP_006273009
AII80884,211,1220,YP_006273009
AII80804,211,1220,YP_006273009
AII80724,211,1220,YP_006273009
AII80643,211,1220,YP_006273009
AHA56675,211,1220,YP_006273009
AHA56674,211,1220,YP_006273009
AII81761,211,1220,YP_006273009
AII81363,211,1220,YP_006273009
AII81283,211,1220,YP_006273009
AII81204,211,1220,YP_006273009
AGZ94829,211,1220,YP_006273009
AGZ94828,211,1220,YP_006273009
AGZ94827,211,1220,YP_006273009
AGZ94826,211,1220,YP_006273009
AGZ94825,211,1220,YP_006273009
AGZ94824,211,1220,YP_006273009
AGZ94823,211,1220,YP_006273009
AGZ94822,211,1220,YP_006273009
AGZ94821,211,1220,YP_006273009
AGZ94820,211,1220,YP_006273009
AGZ94819,211,1220,YP_006273009
AGZ94818,211,1220,YP_006273009
AGZ94817,211,1220,YP_006273009
BAM75880,211,1220,YP_006273009
AFI33165,211,1220,YP_006273009
AAS45914,211,1220,YP_006273009
AAT67287,211,1220,YP_006273009
BAH02455,211,1220,YP_006273009
AGZ94830,211,1217,YP_006273009
AGZ94836,211,1216,YP_006273009
YP_001033959,34,1220,YP_001033959
Q9E6N9,34,1220,YP_001033959
AVI57788,34,1220,YP_001033959
AUB51199,34,1220,YP_001033959
AUB51114,34,1220,YP_001033959
AUB51029,34,1220,YP_001033959
AUB50944,34,1220,YP_001033959
ARE59077,34,1220,YP_001033959
AQN78166,34,1220,YP_001033959
AQN77994,34,1220,YP_001033959
AQN77821,34,1220,YP_001033959
AQN77643,34,1220,YP_001033959
AQN77472,34,1220,YP_001033959
AQN77296,34,1220,YP_001033959
AQN77122,34,1220,YP_001033959
ALX81095,34,1220,YP_001033959
ALX80977,34,1220,YP_001033959
AFM75526,34,1220,YP_001033959
AFM75348,34,1220,YP_001033959
AFM75167,34,1220,YP_001033959
AFM74980,34,1220,YP_001033959
AFM74790,34,1220,YP_001033959
AFM74603,34,1220,YP_001033959
AFX97946,34,1220,YP_001033959
AEZ51688,34,1220,YP_001033959
AEV55010,34,1220,YP_001033959
ACF94912,34,1220,YP_001033959
AAG14223,34,1220,YP_001033959
ABR13112,34,1220,YP_001033959
AAS01671,34,1220,YP_001033959
ABF72268,34,1220,YP_001033959
AAF66765,34,1218,YP_001033959
AAA79862,34,1180,YP_001033959
2115435A,34,1180,YP_001033959
NP_045247,29,1220,NP_045247
AMB16939,29,1220,NP_045247
AMB16860,29,1220,NP_045247
AMB16781,29,1220,NP_045247
AMB16702,29,1220,NP_045247
AMB16623,29,1220,NP_045247
AMB16544,29,1220,NP_045247
AMB16465,29,1220,NP_045247
AMB16386,29,1220,NP_045247
AMB16307,29,1220,NP_045247
AMB16228,29,1220,NP_045247
AMB16149,29,1220,NP_045247
AMB16070,29,1220,NP_045247
AMB15991,29,1220,NP_045247
AMB15912,29,1220,NP_045247
BAV93632,29,1220,NP_045247
BAV93553,29,1220,NP_045247
BAV93474,29,1220,NP_045247
BAV93395,29,1220,NP_045247
BAV93316,29,1220,NP_045247
BAV93237,29,1220,NP_045247
BAV93158,29,1220,NP_045247
BAV93079,29,1220,NP_045247
AGZ94835,29,1220,NP_045247
AGZ94834,29,1220,NP_045247
AGZ94833,29,1220,NP_045247
AGZ94832,29,1220,NP_045247
AGZ94831,29,1220,NP_045247
AAC59546,29,1220,NP_045247
AAT79466,1,1219,AAT79466
YP_009342373,3,1218,YP_009342373
SCO83542,3,1218,YP_009342373
SCL76940,3,1217,YP_009342373
AEI00235,1,1211,AEI00235
AAD55134,1,1211,AAD55134
YP_003084391,15,1206,YP_003084391
APQ48421,15,1206,YP_003084391
AJG04899,15,1206,YP_003084391
AGA17822,15,1206,YP_003084391
AGW24824,15,1206,YP_003084391
AGS78690,15,1206,YP_003084391
AFC61852,15,1206,YP_003084391
AEN80095,15,1206,YP_003084391
ACT83543,15,1206,YP_003084391
ABU46133,15,1206,YP_003084391
ABO26217,15,1206,YP_003084391
ABM92130,15,1206,YP_003084391
gi|254839998|gb|ACT,15,1206,YP_003084391
ABU49741,15,1090,YP_003084391
AEP69256,15,506,YP_003084391
YP_003331549,56,1205,YP_003331549
AVW82102,56,1205,YP_003331549
AVW82025,56,1205,YP_003331549
AVW81948,56,1205,YP_003331549
AVW81871,56,1205,YP_003331549
AVW81794,56,1205,YP_003331549
AVW81717,56,1205,YP_003331549
AVW81640,56,1205,YP_003331549
AVW81563,56,1205,YP_003331549
AVW81486,56,1205,YP_003331549
AVW81409,56,1205,YP_003331549
AVW81332,56,1205,YP_003331549
AVW81255,56,1205,YP_003331549
AVW81178,56,1205,YP_003331549
AVW81101,56,1205,YP_003331549
AVW81024,56,1205,YP_003331549
AVW80947,56,1205,YP_003331549
AVW80870,56,1205,YP_003331549
AVW80793,56,1205,YP_003331549
AVW80716,56,1205,YP_003331549
AVW80639,56,1205,YP_003331549
AVW80562,56,1205,YP_003331549
AVW80485,56,1205,YP_003331549
AVW80408,56,1205,YP_003331549
AVW80331,56,1205,YP_003331549
AVW80254,56,1205,YP_003331549
AVW80177,56,1205,YP_003331549
AVR53476,56,1205,YP_003331549
ALJ85884,56,1205,YP_003331549
ALJ85808,56,1205,YP_003331549
ALJ85732,56,1205,YP_003331549
ALJ85656,56,1205,YP_003331549
ALJ85580,56,1205,YP_003331549
ALJ85504,56,1205,YP_003331549
ALJ85428,56,1205,YP_003331549
ALJ85352,56,1205,YP_003331549
ALJ85276,56,1205,YP_003331549
ALJ85200,56,1205,YP_003331549
ALJ85124,56,1205,YP_003331549
ALJ85048,56,1205,YP_003331549
ALJ84972,56,1205,YP_003331549
ALJ84896,56,1205,YP_003331549
ALJ84820,56,1205,YP_003331549
ALJ84744,56,1205,YP_003331549
ALJ84668,56,1205,YP_003331549
ALJ84592,56,1205,YP_003331549
ALJ84516,56,1205,YP_003331549
ALJ84440,56,1205,YP_003331549
ALJ84364,56,1205,YP_003331549
ALJ84288,56,1205,YP_003331549
ALJ84212,56,1205,YP_003331549
ALJ84136,56,1205,YP_003331549
ALJ84060,56,1205,YP_003331549
ANG65538,56,1205,YP_003331549
ACT88328,56,1205,YP_003331549
CAA12264,56,1177,YP_003331549
NP_073324,3,1205,NP_073324
AAG30070,3,1205,NP_073324
AAG45768,3,1205,NP_073324
NP_040151,254,1194,NP_040151
P09252,254,1194,NP_040151
Q4JQU7,254,1194,NP_040151
AVY51194,254,1194,NP_040151
AQT34080,254,1194,NP_040151
AQT34007,254,1194,NP_040151
AQT33934,254,1194,NP_040151
AKE13365,254,1194,NP_040151
AON76640,254,1194,NP_040151
AON76567,254,1194,NP_040151
AON76494,254,1194,NP_040151
ABE67136,254,1194,NP_040151
AAY57713,254,1194,NP_040151
AAY57642,254,1194,NP_040151
ANS13712,254,1194,NP_040151
ANS13638,254,1194,NP_040151
ANS13564,254,1194,NP_040151
ANS13490,254,1194,NP_040151
ANS13417,254,1194,NP_040151
ANS13344,254,1194,NP_040151
ANS13270,254,1194,NP_040151
ANS13196,254,1194,NP_040151
ANS13122,254,1194,NP_040151
ANS13048,254,1194,NP_040151
ANS12974,254,1194,NP_040151
ANS12900,254,1194,NP_040151
AIJ28621,254,1194,NP_040151
AMS24402,254,1194,NP_040151
AMS24401,254,1194,NP_040151
AMS24400,254,1194,NP_040151
AMS24399,254,1194,NP_040151
AMS24398,254,1194,NP_040151
AMS24397,254,1194,NP_040151
AMS24396,254,1194,NP_040151
AMS24395,254,1194,NP_040151
AMS24394,254,1194,NP_040151
AMS24393,254,1194,NP_040151
AMS24392,254,1194,NP_040151
AMS24391,254,1194,NP_040151
AMS24390,254,1194,NP_040151
AMS24389,254,1194,NP_040151
AMS24388,254,1194,NP_040151
AMS24387,254,1194,NP_040151
AMS24386,254,1194,NP_040151
AMS24385,254,1194,NP_040151
AMS24384,254,1194,NP_040151
AMS24383,254,1194,NP_040151
AMS24382,254,1194,NP_040151
AMS24381,254,1194,NP_040151
AMS24380,254,1194,NP_040151
AMS24379,254,1194,NP_040151
AMS24378,254,1194,NP_040151
AMS24377,254,1194,NP_040151
AMS24376,254,1194,NP_040151
AMS24375,254,1194,NP_040151
AMS24374,254,1194,NP_040151
AMS24373,254,1194,NP_040151
AMS24372,254,1194,NP_040151
AMS24371,254,1194,NP_040151
AMS24370,254,1194,NP_040151
AMS24369,254,1194,NP_040151
AMS24368,254,1194,NP_040151
AMS24367,254,1194,NP_040151
AMS24366,254,1194,NP_040151
AMS24365,254,1194,NP_040151
AMS24364,254,1194,NP_040151
AMS24363,254,1194,NP_040151
AMS24362,254,1194,NP_040151
AMS24361,254,1194,NP_040151
AMS24360,254,1194,NP_040151
AMS24359,254,1194,NP_040151
AMS24358,254,1194,NP_040151
AMS24357,254,1194,NP_040151
AMS24356,254,1194,NP_040151
AMS24355,254,1194,NP_040151
AMS24354,254,1194,NP_040151
AMS24353,254,1194,NP_040151
AMS24352,254,1194,NP_040151
AMS24351,254,1194,NP_040151
AMS24350,254,1194,NP_040151
AMS24349,254,1194,NP_040151
AMS24348,254,1194,NP_040151
AMS24347,254,1194,NP_040151
AMS24346,254,1194,NP_040151
AMS24345,254,1194,NP_040151
AMS24344,254,1194,NP_040151
AMS24343,254,1194,NP_040151
AMS24342,254,1194,NP_040151
AMS24341,254,1194,NP_040151
AMS24340,254,1194,NP_040151
AMS24339,254,1194,NP_040151
AMS24338,254,1194,NP_040151
AMS24337,254,1194,NP_040151
AMS24336,254,1194,NP_040151
AMS24335,254,1194,NP_040151
AMS24334,254,1194,NP_040151
AMS24333,254,1194,NP_040151
AMS24332,254,1194,NP_040151
AMS24331,254,1194,NP_040151
AMS24330,254,1194,NP_040151
AMS24329,254,1194,NP_040151
AMS24328,254,1194,NP_040151
AMS24327,254,1194,NP_040151
AMS24326,254,1194,NP_040151
AMS24325,254,1194,NP_040151
AMS24324,254,1194,NP_040151
AMS24323,254,1194,NP_040151
AMS24322,254,1194,NP_040151
AMS24321,254,1194,NP_040151
AMS24320,254,1194,NP_040151
AGC94519,254,1194,NP_040151
AKG58723,254,1194,NP_040151
AKG58650,254,1194,NP_040151
AKG58577,254,1194,NP_040151
AKG58504,254,1194,NP_040151
AKG58431,254,1194,NP_040151
AKG58358,254,1194,NP_040151
AKG58285,254,1194,NP_040151
AKG58212,254,1194,NP_040151
AKG58139,254,1194,NP_040151
AKG58066,254,1194,NP_040151
AKG57991,254,1194,NP_040151
AKG57920,254,1194,NP_040151
AKG57847,254,1194,NP_040151
AKG57774,254,1194,NP_040151
AKG57701,254,1194,NP_040151
AKG57630,254,1194,NP_040151
AKG57557,254,1194,NP_040151
AKG57484,254,1194,NP_040151
AKG57411,254,1194,NP_040151
AKG57338,254,1194,NP_040151
AKG57265,254,1194,NP_040151
AKG57192,254,1194,NP_040151
AKG57119,254,1194,NP_040151
AKG57046,254,1194,NP_040151
AKG56973,254,1194,NP_040151
AKG56900,254,1194,NP_040151
AKG56827,254,1194,NP_040151
AKG56754,254,1194,NP_040151
AKG56681,254,1194,NP_040151
AKG56608,254,1194,NP_040151
AKG56535,254,1194,NP_040151
AKG56462,254,1194,NP_040151
AKG56389,254,1194,NP_040151
AKG56316,254,1194,NP_040151
AKG56243,254,1194,NP_040151
AKG56170,254,1194,NP_040151
AKG56097,254,1194,NP_040151
AHJ09466,254,1194,NP_040151
AHJ09392,254,1194,NP_040151
AHJ09318,254,1194,NP_040151
AHJ09244,254,1194,NP_040151
AHJ09170,254,1194,NP_040151
AHJ09096,254,1194,NP_040151
AHJ09022,254,1194,NP_040151
AHJ08948,254,1194,NP_040151
AHJ08874,254,1194,NP_040151
AHJ08800,254,1194,NP_040151
AHJ08726,254,1194,NP_040151
AIT54570,254,1194,NP_040151
AIT54497,254,1194,NP_040151
AIT54424,254,1194,NP_040151
AIT54351,254,1194,NP_040151
AIT54278,254,1194,NP_040151
AIT54205,254,1194,NP_040151
AIT54132,254,1194,NP_040151
AIT54059,254,1194,NP_040151
AIT53986,254,1194,NP_040151
AIT53913,254,1194,NP_040151
AIT53840,254,1194,NP_040151
AIT53767,254,1194,NP_040151
AIT53694,254,1194,NP_040151
AIT53621,254,1194,NP_040151
AIT53548,254,1194,NP_040151
AIT53475,254,1194,NP_040151
AIT53402,254,1194,NP_040151
AIT53329,254,1194,NP_040151
AIT53256,254,1194,NP_040151
AIT53183,254,1194,NP_040151
AIT53110,254,1194,NP_040151
AIT53037,254,1194,NP_040151
AIT52964,254,1194,NP_040151
AIH07139,254,1194,NP_040151
AIH07065,254,1194,NP_040151
AHB80258,254,1194,NP_040151
AGY34389,254,1194,NP_040151
AGY34315,254,1194,NP_040151
AGY34241,254,1194,NP_040151
AGY34167,254,1194,NP_040151
AGY34093,254,1194,NP_040151
AGY34019,254,1194,NP_040151
AGY33945,254,1194,NP_040151
AGY33871,254,1194,NP_040151
AGY33797,254,1194,NP_040151
AGY33723,254,1194,NP_040151
AGY33649,254,1194,NP_040151
AGY33575,254,1194,NP_040151
AGY33501,254,1194,NP_040151
AGY33427,254,1194,NP_040151
AGY33353,254,1194,NP_040151
AGY33279,254,1194,NP_040151
AGY33205,254,1194,NP_040151
AGY33131,254,1194,NP_040151
AGY33057,254,1194,NP_040151
AGY32984,254,1194,NP_040151
AGY32910,254,1194,NP_040151
AGL50985,254,1194,NP_040151
AFO85605,254,1194,NP_040151
AFO85532,254,1194,NP_040151
AEL30842,254,1194,NP_040151
AFJ68529,254,1194,NP_040151
AEW89445,254,1194,NP_040151
AEW89373,254,1194,NP_040151
AEW89301,254,1194,NP_040151
AEW89229,254,1194,NP_040151
AEW89157,254,1194,NP_040151
AEW89085,254,1194,NP_040151
AEW89013,254,1194,NP_040151
AEW88941,254,1194,NP_040151
AEW88869,254,1194,NP_040151
AEW88797,254,1194,NP_040151
AEW88725,254,1194,NP_040151
AEW88653,254,1194,NP_040151
AEW88581,254,1194,NP_040151
AEW88509,254,1194,NP_040151
AEW88437,254,1194,NP_040151
AEW88365,254,1194,NP_040151
AEW88293,254,1194,NP_040151
AEW88221,254,1194,NP_040151
AEW88149,254,1194,NP_040151
AEW88077,254,1194,NP_040151
AEW88005,254,1194,NP_040151
ABH08463,254,1194,NP_040151
ABF22258,254,1194,NP_040151
ABF22185,254,1194,NP_040151
ABF22112,254,1194,NP_040151
ABF22039,254,1194,NP_040151
ABF21966,254,1194,NP_040151
ABF21893,254,1194,NP_040151
ABF21820,254,1194,NP_040151
ABF21747,254,1194,NP_040151
ABF21674,254,1194,NP_040151
ABF21601,254,1194,NP_040151
ABF21528,254,1194,NP_040151
ABE03046,254,1194,NP_040151
AAT07786,254,1194,NP_040151
AAT07710,254,1194,NP_040151
ABW06913,254,1194,NP_040151
BAB41075,254,1194,NP_040151
BAB41074,254,1194,NP_040151
BAB41073,254,1194,NP_040151
BAB41072,254,1194,NP_040151
CAI44871,254,1194,NP_040151
CAA27911,254,1194,NP_040151
ASW27076,1,1194,ASW27076
YP_009230161,2,1190,YP_009230161
AFR32472,2,1190,YP_009230161
NP_066862,4,1190,NP_066862
BAB16540,4,1190,NP_066862
BAA82926,4,1190,NP_066862
BAA78719,4,1190,NP_066862
YP_009252254,6,1179,YP_009252254
ARE29832,6,1179,YP_009252254
AQX83341,6,1179,YP_009252254
ALL26060,6,1179,YP_009252254
ALL25984,6,1179,YP_009252254
ALL25904,6,1179,YP_009252254
NP_064160,3,1173,NP_064160
Q85428,3,1173,NP_064160
AAF99153,3,1173,NP_064160
NP_077443,2,1172,NP_077443
AAG27201,2,1172,NP_077443
NP_116408,7,1171,NP_116408
Q9YUS3,7,1171,NP_116408
Q9YUS2,7,1171,NP_116408
AAD08667,7,1171,NP_116408
AAD08666,7,1171,NP_116408
AAD42936,7,1171,NP_116408
AAK57103,7,1171,NP_116408
AHA93360,12,1151,AHA93360
AAU84534,12,1151,AHA93360
AAF63493,12,1097,AHA93360
YP_009207091,12,1091,AHA93360
AAC26681,12,1091,AHA93360
AAU81566,12,673,AHA93360
AAU81565,12,673,AHA93360
AAU81564,12,673,AHA93360
AAU81563,12,673,AHA93360
AAU81562,12,673,AHA93360
AAU81561,12,673,AHA93360
AAU81560,12,673,AHA93360
YP_009176907,6,1132,YP_009176907
AKI81754,6,1132,YP_009176907
AKI81651,6,1132,YP_009176907
AIU39375,6,1132,YP_009176907
AIU39265,6,1132,YP_009176907
AKV40702,6,1132,YP_009176907
YP_007417829,6,1117,YP_007417829
Q69025,6,1117,YP_007417829
CDI95399,6,1117,YP_007417829
AGE11533,6,1117,YP_007417829
BAJ78522,6,1117,YP_007417829
2116347B,6,1094,YP_007417829
AWV68149,36,1103,AWV68149
AWV68315,36,1100,AWV68149
AWV67983,36,1099,AWV68149
CCE57390,36,1098,AWV68149
ACE95404,36,1098,AWV68149
P27172,36,1097,AWV68149
AQQ81338,36,1097,AWV68149
CCE57225,36,1097,AWV68149
CCE57061,36,1097,AWV68149
CCE56896,36,1097,AWV68149
CCE56732,36,1097,AWV68149
AAA45940,36,1097,AWV68149
AAS47481,36,1097,AWV68149
AAS47480,36,1097,AWV68149
AAS47478,36,1097,AWV68149
AAS47472,36,1097,AWV68149
AAS47471,36,1097,AWV68149
AAS47470,36,1097,AWV68149
AAS47469,36,1097,AWV68149
AAS47468,36,1097,AWV68149
AAS47467,36,1097,AWV68149
AAS47466,36,1097,AWV68149
CAP08103,36,1097,AWV68149
CAJ86578,36,1097,AWV68149
CCE56566,36,1096,AWV68149
ACE95568,36,1096,AWV68149
AWV68486,36,1095,AWV68149
AWV68662,36,1094,AWV68149
AAS47485,36,1094,AWV68149
AAS47484,36,1094,AWV68149
AAS47483,36,1094,AWV68149
AAS47482,36,1094,AWV68149
AAS47479,36,1094,AWV68149
AAS47477,36,1094,AWV68149
AAS47476,36,1094,AWV68149
ACE95241,36,1094,AWV68149
AWL83345,48,1092,AWL83345
AWL83266,48,1092,AWL83345
AUT11961,48,1092,AWL83345
ATG31676,48,1092,AWL83345
ATG31598,48,1092,AWL83345
ATG31520,48,1092,AWL83345
ATG31442,48,1092,AWL83345
ATG31364,48,1092,AWL83345
ATD84527,48,1092,AWL83345
ATD84448,48,1092,AWL83345
ATD84369,48,1092,AWL83345
ATD84290,48,1092,AWL83345
ATD84211,48,1092,AWL83345
ATD84132,48,1092,AWL83345
ASR80948,48,1092,AWL83345
ANB43610,48,1092,AWL83345
ANF04481,48,1092,AWL83345
ANN24964,48,1092,AWL83345
ANN24922,48,1092,AWL83345
AJR27814,48,1092,AWL83345
AJR27735,48,1092,AWL83345
AJR27656,48,1092,AWL83345
AJR27577,48,1092,AWL83345
AJR27498,48,1092,AWL83345
AER28134,48,1092,AWL83345
AER28055,48,1092,AWL83345
AGN48339,48,1092,AWL83345
AGN48259,48,1092,AWL83345
AGN48181,48,1092,AWL83345
AFM36628,48,1092,AWL83345
AFM36549,48,1092,AWL83345
AFM36470,48,1092,AWL83345
AFM36392,48,1092,AWL83345
AFM36314,48,1092,AWL83345
AFM36235,48,1092,AWL83345
AGC23140,48,1092,AWL83345
AGC23061,48,1092,AWL83345
AFN02011,48,1092,AWL83345
AFN01932,48,1092,AWL83345
AEW67853,48,1092,AWL83345
AEW67774,48,1092,AWL83345
AFD36729,48,1092,AWL83345
AFD36650,48,1092,AWL83345
AFD36571,48,1092,AWL83345
AFD36492,48,1092,AWL83345
AEB97322,48,1092,AWL83345
YP_182359,48,1007,AWL83345
AAD56202,48,1007,AWL83345
YP_009179299,3,1084,YP_009179299
ALM25982,3,1084,YP_009179299
ASV70521,3,583,YP_009179299
NP_944403,3,1081,NP_944403
Q6UDK1,3,1081,NP_944403
AAQ73709,3,1081,NP_944403
AFK83885,2,1081,AFK83885
BAI22795,2,988,AFK83885
APT43366,5,1050,APT43366
YP_009118399,5,1017,APT43366
AIU39536,5,1017,APT43366
ACY71882,5,814,APT43366
ACY71883,5,642,APT43366
AJD79498,37,1049,AJD79498
AXR98331,37,1048,AJD79498
AXR98293,37,1048,AJD79498
AXR98136,37,1048,AJD79498
YP_068333,37,1048,AJD79498
SOF05929,37,1048,AJD79498
BBC15243,37,1048,AJD79498
ARJ55446,37,1048,AJD79498
ANA11290,37,1048,AJD79498
APT68431,37,1048,AJD79498
AFI70933,37,1048,AJD79498
AFI70864,37,1048,AJD79498
ANZ03044,37,1048,AJD79498
ANR01130,37,1048,AJD79498
AMR55915,37,1048,AJD79498
ANF34848,37,1048,AJD79498
AMO42734,37,1048,AJD79498
ALT14236,37,1048,AJD79498
AKG94047,37,1048,AJD79498
AKG93981,37,1048,AJD79498
ALO75750,37,1048,AJD79498
ALO75681,37,1048,AJD79498
AKG94113,37,1048,AJD79498
AML81196,37,1048,AJD79498
AML81127,37,1048,AJD79498
AKE31908,37,1048,AJD79498
AKP23827,37,1048,AJD79498
AJW72249,37,1048,AJD79498
AIT55755,37,1048,AJD79498
AID18731,37,1048,AJD79498
AGW01106,37,1048,AJD79498
AEM64080,37,1048,AJD79498
AEM64011,37,1048,AJD79498
AEM63946,37,1048,AJD79498
AFI70795,37,1048,AJD79498
AAA74383,37,1048,AJD79498
DAA02153,37,1048,AJD79498
YP_007969814,39,1047,YP_007969814
AGG16071,39,1047,YP_007969814
AGE10031,39,1047,YP_007969814
AEM72550,39,1047,YP_007969814
AEM72546,39,1047,YP_007969814
AEM72544,39,1047,YP_007969814
AEM72538,39,1047,YP_007969814
AEM72536,39,1047,YP_007969814
AEM72534,39,1047,YP_007969814
AEM72532,39,1047,YP_007969814
ADK70825,39,1047,YP_007969814
ADK70786,39,1047,YP_007969814
Q9DKT8,39,1041,YP_007969814
AGE09922,39,1041,YP_007969814
ADK70892,39,1041,YP_007969814
AAG41999,39,1041,YP_007969814
AEM72566,39,947,YP_007969814
AEM72552,39,946,YP_007969814
AEM72548,39,946,YP_007969814
AEM72540,39,943,YP_007969814
AEM72554,39,938,YP_007969814
ALL27040,39,787,YP_007969814
APG41593,39,785,YP_007969814
ALX35638,39,785,YP_007969814
AEM72574,39,785,YP_007969814
AEM72568,39,783,YP_007969814
AEM72576,39,782,YP_007969814
AEM72570,39,782,YP_007969814
AEM72564,39,781,YP_007969814
AEM72561,39,779,YP_007969814
AEM72559,39,779,YP_007969814
AVP26910,39,776,YP_007969814
AIH00839,39,776,YP_007969814
AEM72572,39,775,YP_007969814
AEM72530,39,774,YP_007969814
AEM72526,39,774,YP_007969814
ADK70862,39,768,YP_007969814
AEM72542,39,502,YP_007969814
AEM72528,39,500,YP_007969814
ATA58242,1,1047,ATA58242
AKE44231,7,1044,AKE44231
YP_007016461,7,1040,AKE44231
AFX83378,7,1040,AKE44231
AKB93258,7,1040,AKE44231
ADB44898,7,1040,AKE44231
ABO40787,7,763,AKE44231
AAW57296,7,758,AKE44231
YP_009137478,3,1040,YP_009137478
AKG51610,3,1040,YP_009137478
AAM89282,3,759,YP_009137478
YP_004940081,2,1037,YP_004940081
AEV80760,2,1037,YP_004940081
YP_004936030,4,1037,YP_004936030
AEV80601,4,1037,YP_004936030
AEV80365,4,1037,YP_004936030
AEW46232,4,1037,YP_004936030
YP_009337504,26,1035,YP_009337504
YP_068180,26,1035,YP_009337504
O71121,26,1035,YP_009337504
AUI40754,26,1035,YP_009337504
AUI40584,26,1035,YP_009337504
AUI40414,26,1035,YP_009337504
AUI40241,26,1035,YP_009337504
AUI40068,26,1035,YP_009337504
AUI39895,26,1035,YP_009337504
AUI39722,26,1035,YP_009337504
AUI39546,26,1035,YP_009337504
AUI39376,26,1035,YP_009337504
APT39802,26,1035,YP_009337504
APT40327,26,1035,YP_009337504
APT40152,26,1035,YP_009337504
APT39977,26,1035,YP_009337504
APT39629,26,1035,YP_009337504
APT39456,26,1035,YP_009337504
APT39343,26,1035,YP_009337504
AAC05256,26,1035,YP_009337504
AKT72642,26,1035,YP_009337504
AFL03576,26,1035,YP_009337504
AEQ32165,26,1035,YP_009337504
AAZ80589,26,1035,YP_009337504
AAP50613,26,1035,YP_009337504
AAW55912,26,753,YP_009337504
YP_009052018,5,1033,YP_009052018
AHC02839,5,1033,YP_009052018
AEW50109,5,820,YP_009052018
AEW50122,5,818,YP_009052018
AGK82352,5,760,YP_009052018
AFK85012,1,1030,AFK85012
NP_044849,8,1027,NP_044849
AAF19277,8,1027,NP_044849
AAK16702,8,1027,NP_044849
AAB66388,8,1027,NP_044849
ABO48392,8,1026,NP_044849
ACY41087,8,1026,NP_044849
ABN49965,8,757,NP_044849
ABH08756,8,742,NP_044849
NP_065512,8,1026,NP_065512
O36363,8,1026,NP_065512
AAC58060,8,1026,NP_065512
YP_009044396,8,999,NP_065512
ATI21900,8,999,NP_065512
APB09510,8,999,NP_065512
APB09438,8,999,NP_065512
AIA62050,8,999,NP_065512
YP_009505330,2,1024,YP_009505330
AEW46233,2,1024,YP_009505330
YP_004940227,2,1024,YP_004940227
AEV80915,2,1024,YP_004940227
YP_004207849,3,1019,YP_004207849
ADW24436,3,1019,YP_004207849
ADW24354,3,1019,YP_004207849
NP_733857,3,1016,NP_733857
AAK38212,3,1016,NP_733857
ADY05322,3,748,NP_733857
Q3KSP1,291,1015,Q3KSP1
YP_001129507,291,1015,Q3KSP1
YP_401712,291,1015,Q3KSP1
YP_068007,291,1015,Q3KSP1
Q1HVC1,291,1015,Q3KSP1
P03198,291,1015,Q3KSP1
AWG94386,291,1015,Q3KSP1
AWG94314,291,1015,Q3KSP1
AWG94243,291,1015,Q3KSP1
AWG94177,291,1015,Q3KSP1
AWG94105,291,1015,Q3KSP1
AWG94033,291,1015,Q3KSP1
AWG93967,291,1015,Q3KSP1
AWG93896,291,1015,Q3KSP1
AWG93829,291,1015,Q3KSP1
AWG93765,291,1015,Q3KSP1
AWG93695,291,1015,Q3KSP1
AWG93622,291,1015,Q3KSP1
AWG93551,291,1015,Q3KSP1
AWG93490,291,1015,Q3KSP1
AWG93425,291,1015,Q3KSP1
AWG93362,291,1015,Q3KSP1
AWG93306,291,1015,Q3KSP1
AWG93245,291,1015,Q3KSP1
AWG93181,291,1015,Q3KSP1
AWG93121,291,1015,Q3KSP1
AWG93061,291,1015,Q3KSP1
AWG93003,291,1015,Q3KSP1
AWG92944,291,1015,Q3KSP1
AWG92879,291,1015,Q3KSP1
AWG92806,291,1015,Q3KSP1
AWG92742,291,1015,Q3KSP1
AWG92671,291,1015,Q3KSP1
AWG92599,291,1015,Q3KSP1
AWG92527,291,1015,Q3KSP1
AWG92462,291,1015,Q3KSP1
AWG92390,291,1015,Q3KSP1
AWG92322,291,1015,Q3KSP1
AWG92265,291,1015,Q3KSP1
AWG92200,291,1015,Q3KSP1
AWG92140,291,1015,Q3KSP1
AWG92084,291,1015,Q3KSP1
AWG92016,291,1015,Q3KSP1
AWG91956,291,1015,Q3KSP1
AWG91894,291,1015,Q3KSP1
AWG91833,291,1015,Q3KSP1
AWG91774,291,1015,Q3KSP1
AWG91717,291,1015,Q3KSP1
AWG91659,291,1015,Q3KSP1
AWG91600,291,1015,Q3KSP1
AWG91540,291,1015,Q3KSP1
AWG91483,291,1015,Q3KSP1
AWG91424,291,1015,Q3KSP1
AWG91367,291,1015,Q3KSP1
AWG91296,291,1015,Q3KSP1
AWG91237,291,1015,Q3KSP1
AWG91168,291,1015,Q3KSP1
AWG91108,291,1015,Q3KSP1
AWG91050,291,1015,Q3KSP1
AWG90992,291,1015,Q3KSP1
AWG90935,291,1015,Q3KSP1
AWG90876,291,1015,Q3KSP1
AWG90817,291,1015,Q3KSP1
AWG90748,291,1015,Q3KSP1
AWG90683,291,1015,Q3KSP1
AWG90616,291,1015,Q3KSP1
AWG90551,291,1015,Q3KSP1
AWG90481,291,1015,Q3KSP1
AWG90411,291,1015,Q3KSP1
AWG90341,291,1015,Q3KSP1
AWG90283,291,1015,Q3KSP1
AWG90220,291,1015,Q3KSP1
AWG90151,291,1015,Q3KSP1
AWG90090,291,1015,Q3KSP1
AWG90021,291,1015,Q3KSP1
AWG89952,291,1015,Q3KSP1
AWG89886,291,1015,Q3KSP1
AWG89826,291,1015,Q3KSP1
AWG89761,291,1015,Q3KSP1
AWG89691,291,1015,Q3KSP1
AWG89625,291,1015,Q3KSP1
AWG89561,291,1015,Q3KSP1
AWG89502,291,1015,Q3KSP1
AWG89434,291,1015,Q3KSP1
AWG89372,291,1015,Q3KSP1
AWG89307,291,1015,Q3KSP1
AWG89240,291,1015,Q3KSP1
AWG89174,291,1015,Q3KSP1
AWG89101,291,1015,Q3KSP1
AWG89038,291,1015,Q3KSP1
AWG88974,291,1015,Q3KSP1
AWG88901,291,1015,Q3KSP1
AWG88841,291,1015,Q3KSP1
AWG88778,291,1015,Q3KSP1
AWG88711,291,1015,Q3KSP1
AWG88641,291,1015,Q3KSP1
AWG88574,291,1015,Q3KSP1
AWG88506,291,1015,Q3KSP1
AWG88435,291,1015,Q3KSP1
AWG88366,291,1015,Q3KSP1
AWG88294,291,1015,Q3KSP1
AWG88222,291,1015,Q3KSP1
AWG88150,291,1015,Q3KSP1
AWG88088,291,1015,Q3KSP1
AWG88016,291,1015,Q3KSP1
AWG87943,291,1015,Q3KSP1
AWG87870,291,1015,Q3KSP1
AWG87797,291,1015,Q3KSP1
AWG87728,291,1015,Q3KSP1
AWG87669,291,1015,Q3KSP1
AWG87605,291,1015,Q3KSP1
AWG87545,291,1015,Q3KSP1
ATO60782,291,1015,Q3KSP1
ATO60712,291,1015,Q3KSP1
ATO60498,291,1015,Q3KSP1
ATO60426,291,1015,Q3KSP1
ATO60345,291,1015,Q3KSP1
ATO60263,291,1015,Q3KSP1
ATO60099,291,1015,Q3KSP1
ATO60017,291,1015,Q3KSP1
ATO59933,291,1015,Q3KSP1
ATO60638,291,1015,Q3KSP1
ATO60568,291,1015,Q3KSP1
ATO60181,291,1015,Q3KSP1
ATO59850,291,1015,Q3KSP1
ASU89873,291,1015,Q3KSP1
ASU89798,291,1015,Q3KSP1
ASU89722,291,1015,Q3KSP1
ASU89648,291,1015,Q3KSP1
CEQ33812,291,1015,Q3KSP1
BAX36886,291,1015,Q3KSP1
BAX36839,291,1015,Q3KSP1
BAX36791,291,1015,Q3KSP1
BAX36745,291,1015,Q3KSP1
BAX36698,291,1015,Q3KSP1
BAX36652,291,1015,Q3KSP1
BAX36604,291,1015,Q3KSP1
ANQ44996,291,1015,Q3KSP1
ANQ44927,291,1015,Q3KSP1
ANQ44858,291,1015,Q3KSP1
ANQ44789,291,1015,Q3KSP1
BAV60103,291,1015,Q3KSP1
ANI26401,291,1015,Q3KSP1
ANI26320,291,1015,Q3KSP1
ANI26244,291,1015,Q3KSP1
ANI26163,291,1015,Q3KSP1
ALV83279,291,1015,Q3KSP1
ALV83209,291,1015,Q3KSP1
ALV83139,291,1015,Q3KSP1
ALV83072,291,1015,Q3KSP1
ALV83003,291,1015,Q3KSP1
ALV82935,291,1015,Q3KSP1
ALV82865,291,1015,Q3KSP1
ALV82798,291,1015,Q3KSP1
ALS46746,291,1015,Q3KSP1
BAU51602,291,1015,Q3KSP1
BAU51519,291,1015,Q3KSP1
BAP94447,291,1015,Q3KSP1
BAP94382,291,1015,Q3KSP1
AKA28864,291,1015,Q3KSP1
AKA28792,291,1015,Q3KSP1
AKA28718,291,1015,Q3KSP1
AKA28645,291,1015,Q3KSP1
AKA28571,291,1015,Q3KSP1
AKA28500,291,1015,Q3KSP1
AKA28432,291,1015,Q3KSP1
AKA28359,291,1015,Q3KSP1
AKE13321,291,1015,Q3KSP1
ALQ28741,291,1015,Q3KSP1
ALQ28666,291,1015,Q3KSP1
ALQ28561,291,1015,Q3KSP1
ALQ28484,291,1015,Q3KSP1
ALQ28407,291,1015,Q3KSP1
ALQ28334,291,1015,Q3KSP1
CEQ36686,291,1015,Q3KSP1
ALF03278,291,1015,Q3KSP1
CGH12645,291,1015,Q3KSP1
CEQ43500,291,1015,Q3KSP1
CEQ43417,291,1015,Q3KSP1
CEQ43333,291,1015,Q3KSP1
CEQ38257,291,1015,Q3KSP1
CEQ38174,291,1015,Q3KSP1
CEQ38091,291,1015,Q3KSP1
CEQ38009,291,1015,Q3KSP1
CEQ37927,291,1015,Q3KSP1
CEQ37844,291,1015,Q3KSP1
CEQ37761,291,1015,Q3KSP1
CEQ37678,291,1015,Q3KSP1
CEQ37595,291,1015,Q3KSP1
CEQ37513,291,1015,Q3KSP1
CEQ37430,291,1015,Q3KSP1
CEQ37347,291,1015,Q3KSP1
CEQ37264,291,1015,Q3KSP1
CEQ37181,291,1015,Q3KSP1
CEQ37099,291,1015,Q3KSP1
CEQ37016,291,1015,Q3KSP1
CEQ36934,291,1015,Q3KSP1
CEQ36851,291,1015,Q3KSP1
CEQ36769,291,1015,Q3KSP1
CEQ36603,291,1015,Q3KSP1
CEQ36521,291,1015,Q3KSP1
CEQ36439,291,1015,Q3KSP1
CEQ36357,291,1015,Q3KSP1
CEQ36274,291,1015,Q3KSP1
CEQ36191,291,1015,Q3KSP1
CEQ36108,291,1015,Q3KSP1
CEQ36025,291,1015,Q3KSP1
CEQ35942,291,1015,Q3KSP1
CEQ35860,291,1015,Q3KSP1
CEQ35777,291,1015,Q3KSP1
CEQ35694,291,1015,Q3KSP1
CEQ35528,291,1015,Q3KSP1
CEQ35445,291,1015,Q3KSP1
CEQ35374,291,1015,Q3KSP1
CEQ35293,291,1015,Q3KSP1
CEQ35210,291,1015,Q3KSP1
CEQ35127,291,1015,Q3KSP1
CEQ35044,291,1015,Q3KSP1
CEQ34963,291,1015,Q3KSP1
CEQ34880,291,1015,Q3KSP1
CEQ34799,291,1015,Q3KSP1
CEQ34718,291,1015,Q3KSP1
CEQ34638,291,1015,Q3KSP1
CEQ34555,291,1015,Q3KSP1
CEQ34472,291,1015,Q3KSP1
CEQ34390,291,1015,Q3KSP1
CEQ34308,291,1015,Q3KSP1
CEQ34225,291,1015,Q3KSP1
CEQ34142,291,1015,Q3KSP1
CEQ34059,291,1015,Q3KSP1
CEQ33976,291,1015,Q3KSP1
CEQ33894,291,1015,Q3KSP1
CEQ33730,291,1015,Q3KSP1
CEQ33647,291,1015,Q3KSP1
CEQ33565,291,1015,Q3KSP1
CEQ33485,291,1015,Q3KSP1
CEQ33402,291,1015,Q3KSP1
CEQ33321,291,1015,Q3KSP1
CEQ33140,291,1015,Q3KSP1
CEQ33057,291,1015,Q3KSP1
CEQ32974,291,1015,Q3KSP1
CEQ32892,291,1015,Q3KSP1
CEQ32809,291,1015,Q3KSP1
CEQ32727,291,1015,Q3KSP1
CEQ32645,291,1015,Q3KSP1
CEQ32564,291,1015,Q3KSP1
CEQ32481,291,1015,Q3KSP1
CEQ32400,291,1015,Q3KSP1
CEP79231,291,1015,Q3KSP1
BAQ20347,291,1015,Q3KSP1
BAQ20086,291,1015,Q3KSP1
BAQ20045,291,1015,Q3KSP1
AIM62246,291,1015,Q3KSP1
AIE89028,291,1015,Q3KSP1
AIE88952,291,1015,Q3KSP1
AIE88874,291,1015,Q3KSP1
AIE88797,291,1015,Q3KSP1
AIE88721,291,1015,Q3KSP1
AIE88645,291,1015,Q3KSP1
AIE88569,291,1015,Q3KSP1
AIE88492,291,1015,Q3KSP1
AIE89105,291,1015,Q3KSP1
AFJ06900,291,1015,Q3KSP1
AGZ95224,291,1015,Q3KSP1
AHA36481,291,1015,Q3KSP1
AGL80693,291,1015,Q3KSP1
AFY97980,291,1015,Q3KSP1
AFY97899,291,1015,Q3KSP1
ABB89286,291,1015,Q3KSP1
AAY41154,291,1015,Q3KSP1
AAK95475,291,1015,Q3KSP1
CAD53462,291,1015,Q3KSP1
CAA24805,291,1015,Q3KSP1
ADY05316,291,752,Q3KSP1
ADY05325,291,751,Q3KSP1
ADY05324,291,751,Q3KSP1
ADY05318,291,751,Q3KSP1
ADY05317,291,751,Q3KSP1
ADY05315,291,751,Q3KSP1
ADY05314,291,751,Q3KSP1
ADY05313,291,751,Q3KSP1
ADY05312,291,751,Q3KSP1
AAP41946,291,751,Q3KSP1
AAQ10665,291,751,Q3KSP1
AAQ10659,291,751,Q3KSP1
AAW55917,291,751,Q3KSP1
ABV03812,291,751,Q3KSP1
AAQ10669,291,751,Q3KSP1
ACY75561,291,751,Q3KSP1
ACY75559,291,750,Q3KSP1
ACY75557,291,698,Q3KSP1
NP_570750,10,1014,NP_570750
AAC58687,10,1014,NP_570750
AAF59986,10,1014,NP_570750
AAD21336,10,1014,NP_570750
AJE29648,10,1013,NP_570750
AEW87709,10,1012,NP_570750
AEW87539,10,1012,NP_570750
AAS99991,10,1012,NP_570750
AAF81664,10,862,NP_570750
ABU52895,10,749,NP_570750
AFK85010,1,1014,AFK85010
YP_073778,19,1013,YP_073778
AIN81107,19,1013,YP_073778
AIN81106,19,1013,YP_073778
AIN81105,19,1013,YP_073778
AIN81104,19,1013,YP_073778
AIN81103,19,1013,YP_073778
AIN81102,19,1013,YP_073778
AIN81101,19,1013,YP_073778
AIN81100,19,1013,YP_073778
AIN81099,19,1013,YP_073778
AIN81094,19,1013,YP_073778
AIN81092,19,1013,YP_073778
AIN81090,19,1013,YP_073778
AIN81087,19,1013,YP_073778
AGV28662,19,1013,YP_073778
AAC40752,19,1013,YP_073778
P52342,19,1012,YP_073778
AAC54700,19,1012,YP_073778
AIN81110,19,432,YP_073778
AAC57976,2,1013,AAC57976
AAN35122,2,748,AAC57976
AAF81662,2,1013,AAF81662
AGY30688,2,1013,AAF81662
NP_042931,204,1012,NP_042931
NP_050219,204,1012,NP_042931
Q9QJ32,204,1012,NP_042931
P28857,204,1012,NP_042931
AVQ94293,204,1012,NP_042931
AVQ94171,204,1012,NP_042931
AVQ94049,204,1012,NP_042931
AVQ93928,204,1012,NP_042931
AVQ93817,204,1012,NP_042931
AVQ93698,204,1012,NP_042931
AVK93813,204,1012,NP_042931
AVK93731,204,1012,NP_042931
AVK93661,204,1012,NP_042931
AVK93594,204,1012,NP_042931
AVK93511,204,1012,NP_042931
AVK93437,204,1012,NP_042931
AVK93375,204,1012,NP_042931
AVK93306,204,1012,NP_042931
AVK93223,204,1012,NP_042931
AVI09365,204,1012,NP_042931
AVI09237,204,1012,NP_042931
AVI09111,204,1012,NP_042931
AVI08982,204,1012,NP_042931
AVI08849,204,1012,NP_042931
AVI08720,204,1012,NP_042931
AVI08592,204,1012,NP_042931
AVI08473,204,1012,NP_042931
AVI08349,204,1012,NP_042931
AVI08221,204,1012,NP_042931
AVI07843,204,1012,NP_042931
AVI07723,204,1012,NP_042931
AVI07602,204,1012,NP_042931
AVI07476,204,1012,NP_042931
AVI07351,204,1012,NP_042931
CAA58372,204,1012,NP_042931
APO38337,204,1012,NP_042931
APO39176,204,1012,NP_042931
APO39096,204,1012,NP_042931
APO39016,204,1012,NP_042931
APO38933,204,1012,NP_042931
APO38847,204,1012,NP_042931
APO38761,204,1012,NP_042931
APO38679,204,1012,NP_042931
APO38593,204,1012,NP_042931
APO38507,204,1012,NP_042931
APO38422,204,1012,NP_042931
APO38252,204,1012,NP_042931
APO38166,204,1012,NP_042931
APO38080,204,1012,NP_042931
APO37994,204,1012,NP_042931
APO37908,204,1012,NP_042931
APO37822,204,1012,NP_042931
APO37736,204,1012,NP_042931
APO37650,204,1012,NP_042931
APO37564,204,1012,NP_042931
APO37478,204,1012,NP_042931
APO37392,204,1012,NP_042931
APO37306,204,1012,NP_042931
APO37220,204,1012,NP_042931
APO37133,204,1012,NP_042931
APO37049,204,1012,NP_042931
APO36963,204,1012,NP_042931
ARN62161,204,1012,NP_042931
ARM65267,204,1012,NP_042931
ARM65150,204,1012,NP_042931
ARM65026,204,1012,NP_042931
ARM64911,204,1012,NP_042931
ARM64809,204,1012,NP_042931
ARM64699,204,1012,NP_042931
ARM64588,204,1012,NP_042931
ARM64476,204,1012,NP_042931
ARM64373,204,1012,NP_042931
ARM64255,204,1012,NP_042931
ARM64133,204,1012,NP_042931
ARM63910,204,1012,NP_042931
ARM63804,204,1012,NP_042931
ARM63692,204,1012,NP_042931
ARM63583,204,1012,NP_042931
ARM63476,204,1012,NP_042931
ARM63361,204,1012,NP_042931
ARM63253,204,1012,NP_042931
ARM63148,204,1012,NP_042931
ARM62928,204,1012,NP_042931
ARM62804,204,1012,NP_042931
ARM62693,204,1012,NP_042931
ARM62587,204,1012,NP_042931
ARM62483,204,1012,NP_042931
ARM62376,204,1012,NP_042931
ARM62272,204,1012,NP_042931
ARM62154,204,1012,NP_042931
ARM62033,204,1012,NP_042931
ARM61911,204,1012,NP_042931
ARM61794,204,1012,NP_042931
ARM61691,204,1012,NP_042931
ARM61574,204,1012,NP_042931
ARM61461,204,1012,NP_042931
ARM61351,204,1012,NP_042931
ARM61232,204,1012,NP_042931
ARM61116,204,1012,NP_042931
ARM60997,204,1012,NP_042931
ARM60885,204,1012,NP_042931
ARM60763,204,1012,NP_042931
ARM60641,204,1012,NP_042931
ARM60518,204,1012,NP_042931
ARM60394,204,1012,NP_042931
ARM60272,204,1012,NP_042931
ARM60153,204,1012,NP_042931
ARM60028,204,1012,NP_042931
ARM59906,204,1012,NP_042931
ARM59793,204,1012,NP_042931
ARM59672,204,1012,NP_042931
ARM59551,204,1012,NP_042931
ARM10169,204,1012,NP_042931
ARM10057,204,1012,NP_042931
ARM09934,204,1012,NP_042931
ARM09815,204,1012,NP_042931
ARM09696,204,1012,NP_042931
ARM09573,204,1012,NP_042931
ARM09456,204,1012,NP_042931
ARM09346,204,1012,NP_042931
ARM09224,204,1012,NP_042931
ARM09097,204,1012,NP_042931
ARM08978,204,1012,NP_042931
ARM08853,204,1012,NP_042931
ARM08730,204,1012,NP_042931
ARM08607,204,1012,NP_042931
ARM08493,204,1012,NP_042931
ARM08370,204,1012,NP_042931
ARM08247,204,1012,NP_042931
ARM08124,204,1012,NP_042931
ARM08003,204,1012,NP_042931
ARM07883,204,1012,NP_042931
ARM07760,204,1012,NP_042931
ARM07638,204,1012,NP_042931
ARM07513,204,1012,NP_042931
ARM07388,204,1012,NP_042931
ARM07132,204,1012,NP_042931
ARM07012,204,1012,NP_042931
ARM06896,204,1012,NP_042931
ARM06773,204,1012,NP_042931
ARM06651,204,1012,NP_042931
ARM06384,204,1012,NP_042931
ARM06270,204,1012,NP_042931
ARM06146,204,1012,NP_042931
ARM06026,204,1012,NP_042931
ARM05913,204,1012,NP_042931
ARM05803,204,1012,NP_042931
ARM05678,204,1012,NP_042931
ARK07097,204,1012,NP_042931
ARK03281,204,1012,NP_042931
ARK03158,204,1012,NP_042931
ARK03035,204,1012,NP_042931
ARK02912,204,1012,NP_042931
ARK02787,204,1012,NP_042931
ARK02664,204,1012,NP_042931
ARK02541,204,1012,NP_042931
ARK02422,204,1012,NP_042931
ARK02308,204,1012,NP_042931
ARK02200,204,1012,NP_042931
ARK02084,204,1012,NP_042931
ARK01959,204,1012,NP_042931
ARK01832,204,1012,NP_042931
ARK01710,204,1012,NP_042931
ARK01588,204,1012,NP_042931
ARK01464,204,1012,NP_042931
ARK01339,204,1012,NP_042931
ARK01220,204,1012,NP_042931
ARK01109,204,1012,NP_042931
ARK00985,204,1012,NP_042931
ARK00864,204,1012,NP_042931
ARK00749,204,1012,NP_042931
ARK00634,204,1012,NP_042931
ARK00526,204,1012,NP_042931
ARK00415,204,1012,NP_042931
ARK00299,204,1012,NP_042931
ARK00188,204,1012,NP_042931
ARK00068,204,1012,NP_042931
ARJ99952,204,1012,NP_042931
ARJ99839,204,1012,NP_042931
ARJ99728,204,1012,NP_042931
ARJ99616,204,1012,NP_042931
ARJ99507,204,1012,NP_042931
ARJ99399,204,1012,NP_042931
ARJ99286,204,1012,NP_042931
ARJ99167,204,1012,NP_042931
ARJ99056,204,1012,NP_042931
ARJ98946,204,1012,NP_042931
ARJ98837,204,1012,NP_042931
BAF93477,204,1012,NP_042931
BAF93476,204,1012,NP_042931
AAA74631,204,1012,NP_042931
AKZ18144,204,1012,NP_042931
AJA36251,204,1012,NP_042931
AIX09902,204,1012,NP_042931
AHK06967,204,1012,NP_042931
AGJ52018,204,1012,NP_042931
AAD49652,204,1012,NP_042931
BAA78259,204,1012,NP_042931
T44185,204,1012,NP_042931
AVI08097,204,980,NP_042931
AVI07971,204,980,NP_042931
AAW55996,204,736,NP_042931
ARM64019,204,587,NP_042931
ARM63039,204,587,NP_042931
YP_009253942,2,1012,YP_009253942
ANC96520,2,1012,YP_009253942
YP_001129355,32,1012,YP_001129355
Q2HRD0,32,1012,YP_001129355
BBA91110,32,1012,YP_001129355
BBA91022,32,1012,YP_001129355
BBA90934,32,1012,YP_001129355
BBA90847,32,1012,YP_001129355
BAV17853,32,1012,YP_001129355
AAC57974,32,1012,YP_001129355
AAB62593,32,1012,YP_001129355
ALH45470,32,1012,YP_001129355
ALH45384,32,1012,YP_001129355
ALH45296,32,1012,YP_001129355
ALH45208,32,1012,YP_001129355
ALH45120,32,1012,YP_001129355
ALH45034,32,1012,YP_001129355
ALH44946,32,1012,YP_001129355
ALH44858,32,1012,YP_001129355
ALH44770,32,1012,YP_001129355
ALH44682,32,1012,YP_001129355
ALH44594,32,1012,YP_001129355
ALH44507,32,1012,YP_001129355
ALH44419,32,1012,YP_001129355
ALH44331,32,1012,YP_001129355
ALH44243,32,1012,YP_001129355
ALH44157,32,1012,YP_001129355
ACY00400,32,1012,YP_001129355
AKE33038,32,1012,YP_001129355
AFU08340,32,1012,YP_001129355
AFQ99132,32,1012,YP_001129355
ADQ57883,32,1012,YP_001129355
AAC57086,32,1012,YP_001129355
ABD28853,32,1012,YP_001129355
YP_009388514,2,1011,YP_009388514
ARW78076,2,1011,YP_009388514
AIN81109,4,1011,AIN81109
AIN81108,4,1011,AIN81109
AIN81097,4,1011,AIN81109
AIN81096,4,1011,AIN81109
NP_047983,2,1009,NP_047983
AAC95533,2,1009,NP_047983
NP_040211,6,1009,NP_040211
P24907,6,1009,NP_040211
AAA46165,6,1009,NP_040211
CAA45632,6,1009,NP_040211
CAC84304,6,1009,NP_040211
DJBEM2,6,1009,NP_040211
NP_042605,14,1008,NP_042605
P52367,14,1008,NP_042605
ADZ99583,14,1008,NP_042605
ADZ99582,14,1008,NP_042605
ADZ99581,14,1008,NP_042605
ADZ99580,14,1008,NP_042605
ADZ99579,14,1008,NP_042605
ADZ99578,14,1008,NP_042605
ADZ99568,14,1008,NP_042605
ADZ99567,14,1008,NP_042605
ADZ99566,14,1008,NP_042605
AIU39456,14,1008,NP_042605
AAC13796,14,1008,NP_042605
ADZ99584,14,429,NP_042605
BBB06458,2,1008,BBB06458
AFM85236,2,1008,BBB06458
YP_008492977,10,1007,YP_008492977
AAF80111,10,1007,YP_008492977
AAF80109,10,1007,YP_008492977
AAF80108,10,1007,YP_008492977
AAF80107,10,1007,YP_008492977
AGT99232,10,1007,YP_008492977
AEI71773,10,1007,YP_008492977
AEI71770,10,1007,YP_008492977
ADV78258,10,1007,YP_008492977
AWB09333,10,1006,YP_008492977
YP_009344882,2,1005,YP_009344882
APZ76266,2,1005,YP_009344882
NP_076501,4,1005,NP_076501
AIA82756,4,1005,NP_076501
AEL29753,4,1005,NP_076501
AAK07928,4,1005,NP_076501
AAK00812,2,1005,AAK00812
AAP42118,2,742,AAK00812
YP_009505339,6,1004,YP_009505339
AAF16520,6,1004,YP_009505339
YP_009505386,6,1001,YP_009505339
AAF16522,6,1001,YP_009505339
AAO12354,6,1001,YP_009505339
AAO12282,6,1001,YP_009505339
AAO12315,3,1001,AAO12315
AAO12301,3,1001,AAO12315
AAO46909,3,1000,AAO12315
YP_009229846,2,1000,YP_009229846
AMA67369,2,1000,YP_009229846
YP_009173887,5,999,YP_009173887
ALE14722,5,999,YP_009173887
AHH02043,5,732,YP_009173887
ALB06099,5,731,YP_009173887
AHH02045,5,731,YP_009173887
YP_438136,3,998,YP_438136
AAX58048,3,998,YP_438136
ABB22230,3,998,YP_438136
AJG42938,3,998,AJG42938
AHA14644,3,998,AJG42938
ACV86607,3,436,AJG42938
AFM85234,1,998,AFM85234
YP_009041990,2,997,YP_009041990
AIB03166,2,997,YP_009041990
YP_009505421,3,996,YP_009505421
AAM62282,3,996,YP_009505421
AAL55728,3,446,YP_009505421
ABO40775,1,924,ABO40775
ADY62519,1,907,ADY62519
ABO40777,1,873,ABO40777
ADK70918,2,837,ADK70918
AFF59807,2,771,ADK70918
AEM72555,2,832,AEM72555
AEM72562,2,781,AEM72555
SBO07717,1,824,SBO07717
ADY05311,1,809,ADY05311
ABO40779,1,809,ABO40779
AAG13396,1,801,AAG13396
AAS75147,1,790,AAS75147
ABU52901,1,775,ABU52901
ADE62355,1,772,ADE62355
ABN49957,1,767,ABN49957
ABH05841,1,766,ABH05841
ABH05845,1,765,ABH05845
ABH05847,1,764,ABH05847
AAD30142,1,763,AAD30142
ABO40783,1,763,ABO40783
ABV03816,2,761,ABV03816
AAM89280,2,761,ABV03816
ABN49966,1,756,ABN49966
ABV03810,4,753,ABV03810
ABU52897,4,753,ABV03810
AAL06318,4,389,ABV03810
AAL06317,4,389,ABV03810
ACX70157,1,753,ACX70157
ADY05319,1,752,ADY05319
AAO46905,1,752,AAO46905
AAN35124,1,752,AAN35124
AAW55992,2,752,AAW55992
ABH08758,2,741,AAW55992
AAM89278,1,749,AAM89278
AAW55994,1,749,AAW55994
ADY80543,1,748,ADY80543
ADY05323,1,748,ADY05323
ADY05321,1,748,ADY05321
AAM89279,1,747,AAM89279
ADY05320,1,747,ADY05320
BAH57334,1,747,BAH57334
AAN35123,1,746,AAN35123
ABU52899,1,745,ABU52899
ABH08757,1,745,ABH08757
AAO46907,1,743,AAO46907
AAO46908,2,742,AAO46908
gi|171988561|gb|AAO,2,742,AAO46908
ABI21852,1,742,ABI21852
AKP92777,2,742,AKP92777
ABI21850,2,739,AKP92777
AHH02047,1,740,AHH02047
ABI21851,1,739,ABI21851
BBA93955,2,737,BBA93955
BBA93949,2,737,BBA93955
AEA39187,1,736,AEA39187
AAP42117,1,735,AAP42117
BBA93953,2,734,BBA93953
BBA93951,2,734,BBA93953
AAP42119,1,732,AAP42119
ALB06101,1,732,ALB06101
ABO40780,1,712,ABO40780
AOG75560,4,675,AOG75560
AOG75559,4,574,AOG75560
AOG75558,4,574,AOG75560
AOG75557,4,505,AOG75560
CAB61753,1,600,CAB61753
ABU93815,1,598,ABU93815
AAB93518,1,513,AAB93518
AAL58191,1,448,AAL58191
AFR11403,1,446,AFR11403
